CATALOG_KEY,NOMBRE,RELACION,SUBCATEGORIA,CLAVE_CAPITULO,CAPITULO,NO. CARACTERES
A40,SEPSIS ESTREPTOCÓCICA,CONSECUENCIA,Sepsis / choque séptico,I,CIERTAS ENFERMEDADES INFECCIOSAS Y PARASITARIAS,3
A400,"SEPSIS DEBIDA A ESTREPTOCOCO, GRUPO A",CONSECUENCIA,Sepsis / choque séptico,I,CIERTAS ENFERMEDADES INFECCIOSAS Y PARASITARIAS,4
A401,"SEPSIS DEBIDA A ESTREPTOCOCO, GRUPO B",CONSECUENCIA,Sepsis / choque séptico,I,CIERTAS ENFERMEDADES INFECCIOSAS Y PARASITARIAS,4
A402,"SEPSIS DEBIDA A ESTREPTOCOCO, GRUPO D Y ENTEROCOCO",CONSECUENCIA,Sepsis / choque séptico,I,CIERTAS ENFERMEDADES INFECCIOSAS Y PARASITARIAS,4
A403,SEPSIS DEBIDA A STREPTOCOCCUS PNEUMONIAE,CONSECUENCIA,Sepsis / choque séptico,I,CIERTAS ENFERMEDADES INFECCIOSAS Y PARASITARIAS,4
A408,OTRAS SEPSIS ESTREPTOCÓCICAS,CONSECUENCIA,Sepsis / choque séptico,I,CIERTAS ENFERMEDADES INFECCIOSAS Y PARASITARIAS,4
A409,"SEPSIS ESTREPTOCÓCICA, NO ESPECIFICADA",CONSECUENCIA,Sepsis / choque séptico,I,CIERTAS ENFERMEDADES INFECCIOSAS Y PARASITARIAS,4
A41,OTRAS SEPSIS,CONSECUENCIA,Sepsis / choque séptico,I,CIERTAS ENFERMEDADES INFECCIOSAS Y PARASITARIAS,3
A410,SEPSIS DEBIDA A STAPHYLOCOCCUS AUREUS,CONSECUENCIA,Sepsis / choque séptico,I,CIERTAS ENFERMEDADES INFECCIOSAS Y PARASITARIAS,4
A411,SEPSIS DEBIDA A OTRO ESTAFILOCOCO ESPECIFICADO,CONSECUENCIA,Sepsis / choque séptico,I,CIERTAS ENFERMEDADES INFECCIOSAS Y PARASITARIAS,4
A412,SEPSIS DEBIDA A ESTAFILOCOCO NO ESPECIFICADO,CONSECUENCIA,Sepsis / choque séptico,I,CIERTAS ENFERMEDADES INFECCIOSAS Y PARASITARIAS,4
A413,SEPSIS DEBIDA A HAEMOPHILUS INFLUENZAE,CONSECUENCIA,Sepsis / choque séptico,I,CIERTAS ENFERMEDADES INFECCIOSAS Y PARASITARIAS,4
A414,SEPSIS DEBIDA A ANAEROBIOS,CONSECUENCIA,Sepsis / choque séptico,I,CIERTAS ENFERMEDADES INFECCIOSAS Y PARASITARIAS,4
A415,SEPSIS DEBIDA A OTROS ORGANISMOS GRAMNEGATIVOS,CONSECUENCIA,Sepsis / choque séptico,I,CIERTAS ENFERMEDADES INFECCIOSAS Y PARASITARIAS,4
A418,OTRAS SEPSIS ESPECIFICADAS,CONSECUENCIA,Sepsis / choque séptico,I,CIERTAS ENFERMEDADES INFECCIOSAS Y PARASITARIAS,4
A419,"SEPSIS, NO ESPECIFICADA",CONSECUENCIA,Sepsis / choque séptico,I,CIERTAS ENFERMEDADES INFECCIOSAS Y PARASITARIAS,4
A480,GANGRENA GASEOSA,CONSECUENCIA,Gangrena gaseosa / choque tóxico,I,CIERTAS ENFERMEDADES INFECCIOSAS Y PARASITARIAS,4
A483,SÍNDROME DEL CHOQUE TÓXICO,CONSECUENCIA,Gangrena gaseosa / choque tóxico,I,CIERTAS ENFERMEDADES INFECCIOSAS Y PARASITARIAS,4
B20,"ENFERMEDAD POR VIRUS DE LA INMUNODEFICIENCIA HUMANA [VIH], RESULTANTE EN ENFERMEDADES INFECCIOSAS Y PARASITARIAS",COMORBILIDAD,VIH / inmunosupresión,I,CIERTAS ENFERMEDADES INFECCIOSAS Y PARASITARIAS,3
B200,"ENFERMEDAD POR VIH, RESULTANTE EN INFECCIÓN POR MICOBACTERIAS",COMORBILIDAD,VIH / inmunosupresión,I,CIERTAS ENFERMEDADES INFECCIOSAS Y PARASITARIAS,4
B201,"ENFERMEDAD POR VIH, RESULTANTE EN OTRAS INFECCIONES BACTERIANAS",COMORBILIDAD,VIH / inmunosupresión,I,CIERTAS ENFERMEDADES INFECCIOSAS Y PARASITARIAS,4
B202,"ENFERMEDAD POR VIH, RESULTANTE EN ENFERMEDAD POR CITOMEGALOVIRUS",COMORBILIDAD,VIH / inmunosupresión,I,CIERTAS ENFERMEDADES INFECCIOSAS Y PARASITARIAS,4
B203,"ENFERMEDAD POR VIH, RESULTANTE EN OTRAS INFECCIONES VIRALES",COMORBILIDAD,VIH / inmunosupresión,I,CIERTAS ENFERMEDADES INFECCIOSAS Y PARASITARIAS,4
B204,"ENFERMEDAD POR VIH, RESULTANTE EN CANDIDIASIS",COMORBILIDAD,VIH / inmunosupresión,I,CIERTAS ENFERMEDADES INFECCIOSAS Y PARASITARIAS,4
B205,"ENFERMEDAD POR VIH, RESULTANTE EN OTRAS MICOSIS",COMORBILIDAD,VIH / inmunosupresión,I,CIERTAS ENFERMEDADES INFECCIOSAS Y PARASITARIAS,4
B206,"ENFERMEDAD POR VIH, RESULTANTE EN NEUMONÍA POR PNEUMOCYSTIS CARINII",COMORBILIDAD,VIH / inmunosupresión,I,CIERTAS ENFERMEDADES INFECCIOSAS Y PARASITARIAS,4
B207,"ENFERMEDAD POR VIH, RESULTANTE EN INFECCIONES MÚLTIPLES",COMORBILIDAD,VIH / inmunosupresión,I,CIERTAS ENFERMEDADES INFECCIOSAS Y PARASITARIAS,4
B208,"ENFERMEDAD POR VIH, RESULTANTE EN OTRAS ENFERMEDADES INFECCIOSAS O PARASITARIAS",COMORBILIDAD,VIH / inmunosupresión,I,CIERTAS ENFERMEDADES INFECCIOSAS Y PARASITARIAS,4
B209,"ENFERMEDAD POR VIH, RESULTANTE EN ENFERMEDAD INFECCIOSA O PARASITARIA NO ESPECIFICADA",COMORBILIDAD,VIH / inmunosupresión,I,CIERTAS ENFERMEDADES INFECCIOSAS Y PARASITARIAS,4
B21,"ENFERMEDAD POR VIRUS DE LA INMUNODEFICIENCIA HUMANA [VIH], RESULTANTE EN TUMORES MALIGNOS",COMORBILIDAD,VIH / inmunosupresión,I,CIERTAS ENFERMEDADES INFECCIOSAS Y PARASITARIAS,3
B210,"ENFERMEDAD POR VIH, RESULTANTE EN SARCOMA DE KAPOSI",COMORBILIDAD,VIH / inmunosupresión,I,CIERTAS ENFERMEDADES INFECCIOSAS Y PARASITARIAS,4
B211,"ENFERMEDAD POR VIH, RESULTANTE EN LINFOMA DE BURKITT",COMORBILIDAD,VIH / inmunosupresión,I,CIERTAS ENFERMEDADES INFECCIOSAS Y PARASITARIAS,4
B212,"ENFERMEDAD POR VIH, RESULTANTE EN OTROS TIPOS DE LINFOMA NO HODGKIN",COMORBILIDAD,VIH / inmunosupresión,I,CIERTAS ENFERMEDADES INFECCIOSAS Y PARASITARIAS,4
B213,"ENFERMEDAD POR VIH, RESULTANTE EN OTROS TUMORES MALIGNOS DEL TEJIDO LINFOIDE, HEMATOPOYÉTICO Y TEJIDOS RELACIONADOS",COMORBILIDAD,VIH / inmunosupresión,I,CIERTAS ENFERMEDADES INFECCIOSAS Y PARASITARIAS,4
B217,"ENFERMEDAD POR VIH, RESULTANTE EN TUMORES MALIGNOS MÚLTIPLES",COMORBILIDAD,VIH / inmunosupresión,I,CIERTAS ENFERMEDADES INFECCIOSAS Y PARASITARIAS,4
B218,"ENFERMEDAD POR VIH, RESULTANTE EN OTROS TUMORES MALIGNOS",COMORBILIDAD,VIH / inmunosupresión,I,CIERTAS ENFERMEDADES INFECCIOSAS Y PARASITARIAS,4
B219,"ENFERMEDAD POR VIH, RESULTANTE EN TUMORES MALIGNOS NO ESPECIFICADOS",COMORBILIDAD,VIH / inmunosupresión,I,CIERTAS ENFERMEDADES INFECCIOSAS Y PARASITARIAS,4
B22,"ENFERMEDAD POR VIRUS DE LA INMUNODEFICIENCIA HUMANA [VIH], RESULTANTE EN OTRAS ENFERMEDADES ESPECIFICADAS",COMORBILIDAD,VIH / inmunosupresión,I,CIERTAS ENFERMEDADES INFECCIOSAS Y PARASITARIAS,3
B220,"ENFERMEDAD POR VIH, RESULTANTE EN ENCEFALOPATÍA",COMORBILIDAD,VIH / inmunosupresión,I,CIERTAS ENFERMEDADES INFECCIOSAS Y PARASITARIAS,4
B221,"ENFERMEDAD POR VIH, RESULTANTE EN NEUMONITIS LINFOIDE INTERSTICIAL",COMORBILIDAD,VIH / inmunosupresión,I,CIERTAS ENFERMEDADES INFECCIOSAS Y PARASITARIAS,4
B222,"ENFERMEDAD POR VIH, RESULTANTE EN SÍNDROME CAQUÉCTICO",COMORBILIDAD,VIH / inmunosupresión,I,CIERTAS ENFERMEDADES INFECCIOSAS Y PARASITARIAS,4
B227,"ENFERMEDAD POR VIH, RESULTANTE EN ENFERMEDADES MÚLTIPLES CLASIFICADAS EN OTRA PARTE",COMORBILIDAD,VIH / inmunosupresión,I,CIERTAS ENFERMEDADES INFECCIOSAS Y PARASITARIAS,4
B23,"ENFERMEDAD POR VIRUS DE LA INMUNODEFICIENCIA HUMANA [VIH], RESULTANTE EN OTRAS AFECCIONES",COMORBILIDAD,VIH / inmunosupresión,I,CIERTAS ENFERMEDADES INFECCIOSAS Y PARASITARIAS,3
B230,SÍNDROME DE INFECCIÓN AGUDA DEBIDA A VIH,COMORBILIDAD,VIH / inmunosupresión,I,CIERTAS ENFERMEDADES INFECCIOSAS Y PARASITARIAS,4
B231,"ENFERMEDAD POR VIH, RESULTANTE EN LINFADENOPATÍA GENERALIZADA (PERSISTENTE)",COMORBILIDAD,VIH / inmunosupresión,I,CIERTAS ENFERMEDADES INFECCIOSAS Y PARASITARIAS,4
B232,"ENFERMEDAD POR VIH, RESULTANTE EN ANORMALIDADES INMUNOLÓGICAS Y HEMATOLÓGICAS, NO CLASIFICADAS EN OTRA PARTE",COMORBILIDAD,VIH / inmunosupresión,I,CIERTAS ENFERMEDADES INFECCIOSAS Y PARASITARIAS,4
B238,"ENFERMEDAD POR VIH, RESULTANTE EN OTRAS AFECCIONES ESPECIFICADAS",COMORBILIDAD,VIH / inmunosupresión,I,CIERTAS ENFERMEDADES INFECCIOSAS Y PARASITARIAS,4
B24X,"ENFERMEDAD POR VIRUS DE LA INMUNODEFICIENCIA HUMANA [VIH], SIN OTRA ESPECIFICACIÓN",COMORBILIDAD,VIH / inmunosupresión,I,CIERTAS ENFERMEDADES INFECCIOSAS Y PARASITARIAS,4
D50,ANEMIAS POR DEFICIENCIA DE HIERRO,COMORBILIDAD,Anemia,III,"ENFERMEDADES DE LA SANGRE Y DE LOS ORGANOS HEMATOPOYETICOS, Y CIERTOS TRASTORNOS QUE AFECTAN EL MECANISMO DE LA INMUNIDAD",3
D500,ANEMIA POR DEFICIENCIA DE HIERRO SECUNDARIA A PÉRDIDA DE SANGRE (CRÓNICA),COMORBILIDAD,Anemia,III,"ENFERMEDADES DE LA SANGRE Y DE LOS ORGANOS HEMATOPOYETICOS, Y CIERTOS TRASTORNOS QUE AFECTAN EL MECANISMO DE LA INMUNIDAD",4
D501,DISFAGIA SIDEROPÉNICA,COMORBILIDAD,Anemia,III,"ENFERMEDADES DE LA SANGRE Y DE LOS ORGANOS HEMATOPOYETICOS, Y CIERTOS TRASTORNOS QUE AFECTAN EL MECANISMO DE LA INMUNIDAD",4
D508,OTRAS ANEMIAS POR DEFICIENCIA DE HIERRO,COMORBILIDAD,Anemia,III,"ENFERMEDADES DE LA SANGRE Y DE LOS ORGANOS HEMATOPOYETICOS, Y CIERTOS TRASTORNOS QUE AFECTAN EL MECANISMO DE LA INMUNIDAD",4
D509,ANEMIA POR DEFICIENCIA DE HIERRO SIN OTRA ESPECIFICACIÓN,COMORBILIDAD,Anemia,III,"ENFERMEDADES DE LA SANGRE Y DE LOS ORGANOS HEMATOPOYETICOS, Y CIERTOS TRASTORNOS QUE AFECTAN EL MECANISMO DE LA INMUNIDAD",4
D51,ANEMIA POR DEFICIENCIA DE VITAMINA B12,COMORBILIDAD,Anemia,III,"ENFERMEDADES DE LA SANGRE Y DE LOS ORGANOS HEMATOPOYETICOS, Y CIERTOS TRASTORNOS QUE AFECTAN EL MECANISMO DE LA INMUNIDAD",3
D510,ANEMIA POR DEFICIENCIA DE VITAMINA B12 DEBIDA A DEFICIENCIA DEL FACTOR INTRÍNSECO,COMORBILIDAD,Anemia,III,"ENFERMEDADES DE LA SANGRE Y DE LOS ORGANOS HEMATOPOYETICOS, Y CIERTOS TRASTORNOS QUE AFECTAN EL MECANISMO DE LA INMUNIDAD",4
D511,ANEMIA POR DEFICIENCIA DE VITAMINA B12 DEBIDA A MALA ABSORCIÓN SELECTIVA DE VITAMINA B12 CON PROTEINURIA,COMORBILIDAD,Anemia,III,"ENFERMEDADES DE LA SANGRE Y DE LOS ORGANOS HEMATOPOYETICOS, Y CIERTOS TRASTORNOS QUE AFECTAN EL MECANISMO DE LA INMUNIDAD",4
D512,DEFICIENCIA DE TRASCOBALAMINA II,COMORBILIDAD,Anemia,III,"ENFERMEDADES DE LA SANGRE Y DE LOS ORGANOS HEMATOPOYETICOS, Y CIERTOS TRASTORNOS QUE AFECTAN EL MECANISMO DE LA INMUNIDAD",4
D513,OTRAS ANEMIAS POR DEFICIENCIA DIETÉTICA DE VITAMINA B12,COMORBILIDAD,Anemia,III,"ENFERMEDADES DE LA SANGRE Y DE LOS ORGANOS HEMATOPOYETICOS, Y CIERTOS TRASTORNOS QUE AFECTAN EL MECANISMO DE LA INMUNIDAD",4
D518,OTRAS ANEMIAS POR DEFICIENCIA DE VITAMINA B12,COMORBILIDAD,Anemia,III,"ENFERMEDADES DE LA SANGRE Y DE LOS ORGANOS HEMATOPOYETICOS, Y CIERTOS TRASTORNOS QUE AFECTAN EL MECANISMO DE LA INMUNIDAD",4
D519,"ANEMIA POR DEFICIENCIA DE VITAMINA B12, SIN OTRA ESPECIFICACIÓN",COMORBILIDAD,Anemia,III,"ENFERMEDADES DE LA SANGRE Y DE LOS ORGANOS HEMATOPOYETICOS, Y CIERTOS TRASTORNOS QUE AFECTAN EL MECANISMO DE LA INMUNIDAD",4
D52,ANEMIA POR DEFICIENCIA DE FOLATOS,COMORBILIDAD,Anemia,III,"ENFERMEDADES DE LA SANGRE Y DE LOS ORGANOS HEMATOPOYETICOS, Y CIERTOS TRASTORNOS QUE AFECTAN EL MECANISMO DE LA INMUNIDAD",3
D520,ANEMIA POR DEFICIENCIA DIETÉTICA DE FOLATOS,COMORBILIDAD,Anemia,III,"ENFERMEDADES DE LA SANGRE Y DE LOS ORGANOS HEMATOPOYETICOS, Y CIERTOS TRASTORNOS QUE AFECTAN EL MECANISMO DE LA INMUNIDAD",4
D521,ANEMIA POR DEFICIENCIA DE FOLATOS INDUCIDA POR DROGAS,COMORBILIDAD,Anemia,III,"ENFERMEDADES DE LA SANGRE Y DE LOS ORGANOS HEMATOPOYETICOS, Y CIERTOS TRASTORNOS QUE AFECTAN EL MECANISMO DE LA INMUNIDAD",4
D528,OTRAS ANEMIAS POR DEFICIENCIA DE FOLATOS,COMORBILIDAD,Anemia,III,"ENFERMEDADES DE LA SANGRE Y DE LOS ORGANOS HEMATOPOYETICOS, Y CIERTOS TRASTORNOS QUE AFECTAN EL MECANISMO DE LA INMUNIDAD",4
D529,"ANEMIA POR DEFICIENCIA DE FOLATOS, SIN OTRA ESPECIFICACIÓN",COMORBILIDAD,Anemia,III,"ENFERMEDADES DE LA SANGRE Y DE LOS ORGANOS HEMATOPOYETICOS, Y CIERTOS TRASTORNOS QUE AFECTAN EL MECANISMO DE LA INMUNIDAD",4
D53,OTRAS ANEMIAS NUTRICIONALES,COMORBILIDAD,Anemia,III,"ENFERMEDADES DE LA SANGRE Y DE LOS ORGANOS HEMATOPOYETICOS, Y CIERTOS TRASTORNOS QUE AFECTAN EL MECANISMO DE LA INMUNIDAD",3
D530,ANEMIA POR DEFICIENCIA DE PROTEÍNAS,COMORBILIDAD,Anemia,III,"ENFERMEDADES DE LA SANGRE Y DE LOS ORGANOS HEMATOPOYETICOS, Y CIERTOS TRASTORNOS QUE AFECTAN EL MECANISMO DE LA INMUNIDAD",4
D531,"OTRAS ANEMIAS MEGALOBLÁSTICAS, NO CLASIFICADAS EN OTRA PARTE",COMORBILIDAD,Anemia,III,"ENFERMEDADES DE LA SANGRE Y DE LOS ORGANOS HEMATOPOYETICOS, Y CIERTOS TRASTORNOS QUE AFECTAN EL MECANISMO DE LA INMUNIDAD",4
D532,ANEMIA ESCORBÚTICA,COMORBILIDAD,Anemia,III,"ENFERMEDADES DE LA SANGRE Y DE LOS ORGANOS HEMATOPOYETICOS, Y CIERTOS TRASTORNOS QUE AFECTAN EL MECANISMO DE LA INMUNIDAD",4
D538,OTRAS ANEMIAS NUTRICIONALES ESPECIFICADAS,COMORBILIDAD,Anemia,III,"ENFERMEDADES DE LA SANGRE Y DE LOS ORGANOS HEMATOPOYETICOS, Y CIERTOS TRASTORNOS QUE AFECTAN EL MECANISMO DE LA INMUNIDAD",4
D539,"ANEMIA NUTRICIONAL, NO ESPECIFICADA",COMORBILIDAD,Anemia,III,"ENFERMEDADES DE LA SANGRE Y DE LOS ORGANOS HEMATOPOYETICOS, Y CIERTOS TRASTORNOS QUE AFECTAN EL MECANISMO DE LA INMUNIDAD",4
D55,ANEMIA DEBIDA A TRASTORNOS ENZIMÁTICOS,COMORBILIDAD,Anemia,III,"ENFERMEDADES DE LA SANGRE Y DE LOS ORGANOS HEMATOPOYETICOS, Y CIERTOS TRASTORNOS QUE AFECTAN EL MECANISMO DE LA INMUNIDAD",3
D550,ANEMIA DEBIDA A DEFICIENCIA DE GLUCOSA-6-FOSFATO DESHIDROGENASA [G6FD],COMORBILIDAD,Anemia,III,"ENFERMEDADES DE LA SANGRE Y DE LOS ORGANOS HEMATOPOYETICOS, Y CIERTOS TRASTORNOS QUE AFECTAN EL MECANISMO DE LA INMUNIDAD",4
D551,ANEMIA DEBIDA A OTROS TRASTORNOS DEL METABOLISMO DEL GLUTATIÓN,COMORBILIDAD,Anemia,III,"ENFERMEDADES DE LA SANGRE Y DE LOS ORGANOS HEMATOPOYETICOS, Y CIERTOS TRASTORNOS QUE AFECTAN EL MECANISMO DE LA INMUNIDAD",4
D552,ANEMIA DEBIDA A TRASTORNOS DE LAS ENZIMAS GLUCOLÍTICAS,COMORBILIDAD,Anemia,III,"ENFERMEDADES DE LA SANGRE Y DE LOS ORGANOS HEMATOPOYETICOS, Y CIERTOS TRASTORNOS QUE AFECTAN EL MECANISMO DE LA INMUNIDAD",4
D553,ANEMIA DEBIDA A TRASTORNOS DEL METABOLISMO DE LOS NUCLEÓTIDOS,COMORBILIDAD,Anemia,III,"ENFERMEDADES DE LA SANGRE Y DE LOS ORGANOS HEMATOPOYETICOS, Y CIERTOS TRASTORNOS QUE AFECTAN EL MECANISMO DE LA INMUNIDAD",4
D558,OTRAS ANEMIAS DEBIDAS A TRASTORNOS ENZIMÁTICOS,COMORBILIDAD,Anemia,III,"ENFERMEDADES DE LA SANGRE Y DE LOS ORGANOS HEMATOPOYETICOS, Y CIERTOS TRASTORNOS QUE AFECTAN EL MECANISMO DE LA INMUNIDAD",4
D559,"ANEMIA DEBIDA A TRASTORNOS ENZIMÁTICOS, SIN OTRA ESPECIFICACIÓN",COMORBILIDAD,Anemia,III,"ENFERMEDADES DE LA SANGRE Y DE LOS ORGANOS HEMATOPOYETICOS, Y CIERTOS TRASTORNOS QUE AFECTAN EL MECANISMO DE LA INMUNIDAD",4
D56,TALASEMIA,COMORBILIDAD,Anemia,III,"ENFERMEDADES DE LA SANGRE Y DE LOS ORGANOS HEMATOPOYETICOS, Y CIERTOS TRASTORNOS QUE AFECTAN EL MECANISMO DE LA INMUNIDAD",3
D560,ALFA TALASEMIA,COMORBILIDAD,Anemia,III,"ENFERMEDADES DE LA SANGRE Y DE LOS ORGANOS HEMATOPOYETICOS, Y CIERTOS TRASTORNOS QUE AFECTAN EL MECANISMO DE LA INMUNIDAD",4
D561,BETA TALASEMIA,COMORBILIDAD,Anemia,III,"ENFERMEDADES DE LA SANGRE Y DE LOS ORGANOS HEMATOPOYETICOS, Y CIERTOS TRASTORNOS QUE AFECTAN EL MECANISMO DE LA INMUNIDAD",4
D562,DELTA-BETA TALASEMIA,COMORBILIDAD,Anemia,III,"ENFERMEDADES DE LA SANGRE Y DE LOS ORGANOS HEMATOPOYETICOS, Y CIERTOS TRASTORNOS QUE AFECTAN EL MECANISMO DE LA INMUNIDAD",4
D563,RASGO TALASÉMICO,COMORBILIDAD,Anemia,III,"ENFERMEDADES DE LA SANGRE Y DE LOS ORGANOS HEMATOPOYETICOS, Y CIERTOS TRASTORNOS QUE AFECTAN EL MECANISMO DE LA INMUNIDAD",4
D564,PERSISTENCIA HEREDITARIA DE LA HEMOGLOBINA FETAL [PHHF],COMORBILIDAD,Anemia,III,"ENFERMEDADES DE LA SANGRE Y DE LOS ORGANOS HEMATOPOYETICOS, Y CIERTOS TRASTORNOS QUE AFECTAN EL MECANISMO DE LA INMUNIDAD",4
D568,OTRAS TALASEMIAS,COMORBILIDAD,Anemia,III,"ENFERMEDADES DE LA SANGRE Y DE LOS ORGANOS HEMATOPOYETICOS, Y CIERTOS TRASTORNOS QUE AFECTAN EL MECANISMO DE LA INMUNIDAD",4
D569,"TALASEMIA, NO ESPECIFICADA",COMORBILIDAD,Anemia,III,"ENFERMEDADES DE LA SANGRE Y DE LOS ORGANOS HEMATOPOYETICOS, Y CIERTOS TRASTORNOS QUE AFECTAN EL MECANISMO DE LA INMUNIDAD",4
D57,TRASTORNOS FALCIFORMES,COMORBILIDAD,Anemia,III,"ENFERMEDADES DE LA SANGRE Y DE LOS ORGANOS HEMATOPOYETICOS, Y CIERTOS TRASTORNOS QUE AFECTAN EL MECANISMO DE LA INMUNIDAD",3
D570,ANEMIA FALCIFORME CON CRISIS,COMORBILIDAD,Anemia,III,"ENFERMEDADES DE LA SANGRE Y DE LOS ORGANOS HEMATOPOYETICOS, Y CIERTOS TRASTORNOS QUE AFECTAN EL MECANISMO DE LA INMUNIDAD",4
D571,ANEMIA FALCIFORME SIN CRISIS,COMORBILIDAD,Anemia,III,"ENFERMEDADES DE LA SANGRE Y DE LOS ORGANOS HEMATOPOYETICOS, Y CIERTOS TRASTORNOS QUE AFECTAN EL MECANISMO DE LA INMUNIDAD",4
D572,TRASTORNOS FALCIFORMES HETEROCIGOTOS DOBLES,COMORBILIDAD,Anemia,III,"ENFERMEDADES DE LA SANGRE Y DE LOS ORGANOS HEMATOPOYETICOS, Y CIERTOS TRASTORNOS QUE AFECTAN EL MECANISMO DE LA INMUNIDAD",4
D573,RASGO DREPANOCÍTICO,COMORBILIDAD,Anemia,III,"ENFERMEDADES DE LA SANGRE Y DE LOS ORGANOS HEMATOPOYETICOS, Y CIERTOS TRASTORNOS QUE AFECTAN EL MECANISMO DE LA INMUNIDAD",4
D578,OTROS TRASTORNOS FALCIFORMES,COMORBILIDAD,Anemia,III,"ENFERMEDADES DE LA SANGRE Y DE LOS ORGANOS HEMATOPOYETICOS, Y CIERTOS TRASTORNOS QUE AFECTAN EL MECANISMO DE LA INMUNIDAD",4
D58,OTRAS ANEMIAS HEMOLÍTICAS HEREDITARIAS,COMORBILIDAD,Anemia,III,"ENFERMEDADES DE LA SANGRE Y DE LOS ORGANOS HEMATOPOYETICOS, Y CIERTOS TRASTORNOS QUE AFECTAN EL MECANISMO DE LA INMUNIDAD",3
D580,ESFEROCITOSIS HEREDITARIA,COMORBILIDAD,Anemia,III,"ENFERMEDADES DE LA SANGRE Y DE LOS ORGANOS HEMATOPOYETICOS, Y CIERTOS TRASTORNOS QUE AFECTAN EL MECANISMO DE LA INMUNIDAD",4
D581,ELIPTOCITOSIS HEREDITARIA,COMORBILIDAD,Anemia,III,"ENFERMEDADES DE LA SANGRE Y DE LOS ORGANOS HEMATOPOYETICOS, Y CIERTOS TRASTORNOS QUE AFECTAN EL MECANISMO DE LA INMUNIDAD",4
D582,OTRAS HEMOGLOBINOPATÍAS,COMORBILIDAD,Anemia,III,"ENFERMEDADES DE LA SANGRE Y DE LOS ORGANOS HEMATOPOYETICOS, Y CIERTOS TRASTORNOS QUE AFECTAN EL MECANISMO DE LA INMUNIDAD",4
D588,OTRAS ANEMIAS HEMOLÍTICAS HEREDITARIAS ESPECIFICADAS,COMORBILIDAD,Anemia,III,"ENFERMEDADES DE LA SANGRE Y DE LOS ORGANOS HEMATOPOYETICOS, Y CIERTOS TRASTORNOS QUE AFECTAN EL MECANISMO DE LA INMUNIDAD",4
D589,"ANEMIA HEMOLÍTICA HEREDITARIA, SIN OTRA ESPECIFICACIÓN",COMORBILIDAD,Anemia,III,"ENFERMEDADES DE LA SANGRE Y DE LOS ORGANOS HEMATOPOYETICOS, Y CIERTOS TRASTORNOS QUE AFECTAN EL MECANISMO DE LA INMUNIDAD",4
D59,ANEMIA HEMOLÍTICA ADQUIRIDA,COMORBILIDAD,Anemia,III,"ENFERMEDADES DE LA SANGRE Y DE LOS ORGANOS HEMATOPOYETICOS, Y CIERTOS TRASTORNOS QUE AFECTAN EL MECANISMO DE LA INMUNIDAD",3
D590,ANEMIA HEMOLÍTICA AUTOINMUNE INDUCIDA POR DROGAS,COMORBILIDAD,Anemia,III,"ENFERMEDADES DE LA SANGRE Y DE LOS ORGANOS HEMATOPOYETICOS, Y CIERTOS TRASTORNOS QUE AFECTAN EL MECANISMO DE LA INMUNIDAD",4
D591,OTRAS ANEMIAS HEMOLÍTICAS AUTOINMUNES,COMORBILIDAD,Anemia,III,"ENFERMEDADES DE LA SANGRE Y DE LOS ORGANOS HEMATOPOYETICOS, Y CIERTOS TRASTORNOS QUE AFECTAN EL MECANISMO DE LA INMUNIDAD",4
D592,ANEMIA HEMOLÍTICA NO AUTOINMUNE INDUCIDA POR DROGAS,COMORBILIDAD,Anemia,III,"ENFERMEDADES DE LA SANGRE Y DE LOS ORGANOS HEMATOPOYETICOS, Y CIERTOS TRASTORNOS QUE AFECTAN EL MECANISMO DE LA INMUNIDAD",4
D593,SÍNDROME HEMOLÍTICO-URÉMICO,COMORBILIDAD,Anemia,III,"ENFERMEDADES DE LA SANGRE Y DE LOS ORGANOS HEMATOPOYETICOS, Y CIERTOS TRASTORNOS QUE AFECTAN EL MECANISMO DE LA INMUNIDAD",4
D594,OTRAS ANEMIAS HEMOLÍTICAS NO AUTOINMUNES,COMORBILIDAD,Anemia,III,"ENFERMEDADES DE LA SANGRE Y DE LOS ORGANOS HEMATOPOYETICOS, Y CIERTOS TRASTORNOS QUE AFECTAN EL MECANISMO DE LA INMUNIDAD",4
D595,HEMOGLOBINURIA PAROXÍSTICA NOCTURNA [MARCHIAFAVA- MICHELI],COMORBILIDAD,Anemia,III,"ENFERMEDADES DE LA SANGRE Y DE LOS ORGANOS HEMATOPOYETICOS, Y CIERTOS TRASTORNOS QUE AFECTAN EL MECANISMO DE LA INMUNIDAD",4
D596,HEMOGLOBINURIA DEBIDA A HEMÓLISIS POR OTRAS CAUSAS EXTERNAS,COMORBILIDAD,Anemia,III,"ENFERMEDADES DE LA SANGRE Y DE LOS ORGANOS HEMATOPOYETICOS, Y CIERTOS TRASTORNOS QUE AFECTAN EL MECANISMO DE LA INMUNIDAD",4
D598,OTRAS ANEMIAS HEMOLÍTICAS ADQUIRIDAS,COMORBILIDAD,Anemia,III,"ENFERMEDADES DE LA SANGRE Y DE LOS ORGANOS HEMATOPOYETICOS, Y CIERTOS TRASTORNOS QUE AFECTAN EL MECANISMO DE LA INMUNIDAD",4
D599,"ANEMIA HEMOLÍTICA ADQUIRIDA, SIN OTRA ESPECIFICACIÓN",COMORBILIDAD,Anemia,III,"ENFERMEDADES DE LA SANGRE Y DE LOS ORGANOS HEMATOPOYETICOS, Y CIERTOS TRASTORNOS QUE AFECTAN EL MECANISMO DE LA INMUNIDAD",4
D60,"APLASIA ADQUIRIDA, EXCLUSIVA DE LA SERIE ROJA [ERITROBLASTOPENIA]",COMORBILIDAD,Anemia,III,"ENFERMEDADES DE LA SANGRE Y DE LOS ORGANOS HEMATOPOYETICOS, Y CIERTOS TRASTORNOS QUE AFECTAN EL MECANISMO DE LA INMUNIDAD",3
D600,"APLASIA CRÓNICA ADQUIRIDA, EXCLUSIVA DE LA SERIE ROJA",COMORBILIDAD,Anemia,III,"ENFERMEDADES DE LA SANGRE Y DE LOS ORGANOS HEMATOPOYETICOS, Y CIERTOS TRASTORNOS QUE AFECTAN EL MECANISMO DE LA INMUNIDAD",4
D601,"APLASIA TRANSITORIA ADQUIRIDA, EXCLUSIVA DE LA SERIE ROJA",COMORBILIDAD,Anemia,III,"ENFERMEDADES DE LA SANGRE Y DE LOS ORGANOS HEMATOPOYETICOS, Y CIERTOS TRASTORNOS QUE AFECTAN EL MECANISMO DE LA INMUNIDAD",4
D608,"OTRAS APLASIAS ADQUIRIDAS, EXCLUSIVAS DE LA SERIE ROJA",COMORBILIDAD,Anemia,III,"ENFERMEDADES DE LA SANGRE Y DE LOS ORGANOS HEMATOPOYETICOS, Y CIERTOS TRASTORNOS QUE AFECTAN EL MECANISMO DE LA INMUNIDAD",4
D609,"APLASIA ADQUIRIDA, EXCLUSIVA DE LA SERIE ROJA, NO ESPECIFICADA",COMORBILIDAD,Anemia,III,"ENFERMEDADES DE LA SANGRE Y DE LOS ORGANOS HEMATOPOYETICOS, Y CIERTOS TRASTORNOS QUE AFECTAN EL MECANISMO DE LA INMUNIDAD",4
D61,OTRAS ANEMIAS APLÁSTICAS,COMORBILIDAD,Anemia,III,"ENFERMEDADES DE LA SANGRE Y DE LOS ORGANOS HEMATOPOYETICOS, Y CIERTOS TRASTORNOS QUE AFECTAN EL MECANISMO DE LA INMUNIDAD",3
D610,ANEMIA APLÁSTICA CONSTITUCIONAL,COMORBILIDAD,Anemia,III,"ENFERMEDADES DE LA SANGRE Y DE LOS ORGANOS HEMATOPOYETICOS, Y CIERTOS TRASTORNOS QUE AFECTAN EL MECANISMO DE LA INMUNIDAD",4
D611,ANEMIA APLÁSTICA INDUCIDA POR DROGAS,COMORBILIDAD,Anemia,III,"ENFERMEDADES DE LA SANGRE Y DE LOS ORGANOS HEMATOPOYETICOS, Y CIERTOS TRASTORNOS QUE AFECTAN EL MECANISMO DE LA INMUNIDAD",4
D612,ANEMIA APLÁSTICA DEBIDA A OTROS AGENTES EXTERNOS,COMORBILIDAD,Anemia,III,"ENFERMEDADES DE LA SANGRE Y DE LOS ORGANOS HEMATOPOYETICOS, Y CIERTOS TRASTORNOS QUE AFECTAN EL MECANISMO DE LA INMUNIDAD",4
D613,ANEMIA APLÁSTICA IDIOPÁTICA,COMORBILIDAD,Anemia,III,"ENFERMEDADES DE LA SANGRE Y DE LOS ORGANOS HEMATOPOYETICOS, Y CIERTOS TRASTORNOS QUE AFECTAN EL MECANISMO DE LA INMUNIDAD",4
D618,OTRAS ANEMIAS APLÁSTICAS ESPECIFICADAS,COMORBILIDAD,Anemia,III,"ENFERMEDADES DE LA SANGRE Y DE LOS ORGANOS HEMATOPOYETICOS, Y CIERTOS TRASTORNOS QUE AFECTAN EL MECANISMO DE LA INMUNIDAD",4
D619,"ANEMIA APLÁSTICA, SIN OTRA ESPECIFICACIÓN",COMORBILIDAD,Anemia,III,"ENFERMEDADES DE LA SANGRE Y DE LOS ORGANOS HEMATOPOYETICOS, Y CIERTOS TRASTORNOS QUE AFECTAN EL MECANISMO DE LA INMUNIDAD",4
D62X,ANEMIA POSTHEMORRÁGICA AGUDA,COMORBILIDAD,Anemia,III,"ENFERMEDADES DE LA SANGRE Y DE LOS ORGANOS HEMATOPOYETICOS, Y CIERTOS TRASTORNOS QUE AFECTAN EL MECANISMO DE LA INMUNIDAD",4
D63,ANEMIA EN ENFERMEDADES CRÓNICAS CLASIFICADAS EN OTRA PARTE,COMORBILIDAD,Anemia,III,"ENFERMEDADES DE LA SANGRE Y DE LOS ORGANOS HEMATOPOYETICOS, Y CIERTOS TRASTORNOS QUE AFECTAN EL MECANISMO DE LA INMUNIDAD",3
D630,ANEMIA EN ENFERMEDAD NEOPLÁSICA,COMORBILIDAD,Anemia,III,"ENFERMEDADES DE LA SANGRE Y DE LOS ORGANOS HEMATOPOYETICOS, Y CIERTOS TRASTORNOS QUE AFECTAN EL MECANISMO DE LA INMUNIDAD",4
D638,ANEMIA EN OTRAS ENFERMEDADES CRÓNICAS CLASIFICADAS EN OTRA PARTE,COMORBILIDAD,Anemia,III,"ENFERMEDADES DE LA SANGRE Y DE LOS ORGANOS HEMATOPOYETICOS, Y CIERTOS TRASTORNOS QUE AFECTAN EL MECANISMO DE LA INMUNIDAD",4
D64,OTRAS ANEMIAS,COMORBILIDAD,Anemia,III,"ENFERMEDADES DE LA SANGRE Y DE LOS ORGANOS HEMATOPOYETICOS, Y CIERTOS TRASTORNOS QUE AFECTAN EL MECANISMO DE LA INMUNIDAD",3
D640,ANEMIA SIDEROBLÁSTICA HEREDITARIA,COMORBILIDAD,Anemia,III,"ENFERMEDADES DE LA SANGRE Y DE LOS ORGANOS HEMATOPOYETICOS, Y CIERTOS TRASTORNOS QUE AFECTAN EL MECANISMO DE LA INMUNIDAD",4
D641,ANEMIA SIDEROBLÁSTICA SECUNDARIA A OTRA ENFERMEDAD,COMORBILIDAD,Anemia,III,"ENFERMEDADES DE LA SANGRE Y DE LOS ORGANOS HEMATOPOYETICOS, Y CIERTOS TRASTORNOS QUE AFECTAN EL MECANISMO DE LA INMUNIDAD",4
D642,"ANEMIA SIDEROBLÁSTICA SECUNDARIA, DEBIDA A DROGAS Y TOXINAS",COMORBILIDAD,Anemia,III,"ENFERMEDADES DE LA SANGRE Y DE LOS ORGANOS HEMATOPOYETICOS, Y CIERTOS TRASTORNOS QUE AFECTAN EL MECANISMO DE LA INMUNIDAD",4
D643,OTRAS ANEMIAS SIDEROBLÁSTICAS,COMORBILIDAD,Anemia,III,"ENFERMEDADES DE LA SANGRE Y DE LOS ORGANOS HEMATOPOYETICOS, Y CIERTOS TRASTORNOS QUE AFECTAN EL MECANISMO DE LA INMUNIDAD",4
D644,ANEMIA DISERITROPOYÉTICA CONGÉNITA,COMORBILIDAD,Anemia,III,"ENFERMEDADES DE LA SANGRE Y DE LOS ORGANOS HEMATOPOYETICOS, Y CIERTOS TRASTORNOS QUE AFECTAN EL MECANISMO DE LA INMUNIDAD",4
D648,OTRAS ANEMIAS ESPECIFICADAS,COMORBILIDAD,Anemia,III,"ENFERMEDADES DE LA SANGRE Y DE LOS ORGANOS HEMATOPOYETICOS, Y CIERTOS TRASTORNOS QUE AFECTAN EL MECANISMO DE LA INMUNIDAD",4
D649,ANEMIA DE TIPO NO ESPECIFICADO,COMORBILIDAD,Anemia,III,"ENFERMEDADES DE LA SANGRE Y DE LOS ORGANOS HEMATOPOYETICOS, Y CIERTOS TRASTORNOS QUE AFECTAN EL MECANISMO DE LA INMUNIDAD",4
D80,INMUNODEFICIENCIA CON PREDOMINIO DE DEFECTOS DE LOS ANTICUERPOS,COMORBILIDAD,Inmunodeficiencia,III,"ENFERMEDADES DE LA SANGRE Y DE LOS ORGANOS HEMATOPOYETICOS, Y CIERTOS TRASTORNOS QUE AFECTAN EL MECANISMO DE LA INMUNIDAD",3
D800,HIPOGAMMAGLOBULINEMIA HEREDITARIA,COMORBILIDAD,Inmunodeficiencia,III,"ENFERMEDADES DE LA SANGRE Y DE LOS ORGANOS HEMATOPOYETICOS, Y CIERTOS TRASTORNOS QUE AFECTAN EL MECANISMO DE LA INMUNIDAD",4
D801,HIPOGAMMAGLOBULINEMIA NO FAMILIAR,COMORBILIDAD,Inmunodeficiencia,III,"ENFERMEDADES DE LA SANGRE Y DE LOS ORGANOS HEMATOPOYETICOS, Y CIERTOS TRASTORNOS QUE AFECTAN EL MECANISMO DE LA INMUNIDAD",4
D802,DEFICIENCIA SELECTIVA DE INMUNOGLOBULINA A [IGA],COMORBILIDAD,Inmunodeficiencia,III,"ENFERMEDADES DE LA SANGRE Y DE LOS ORGANOS HEMATOPOYETICOS, Y CIERTOS TRASTORNOS QUE AFECTAN EL MECANISMO DE LA INMUNIDAD",4
D803,DEFICIENCIA SELECTIVA DE SUBCLASES DE LA INMUNOGLOBULINA G [IGG],COMORBILIDAD,Inmunodeficiencia,III,"ENFERMEDADES DE LA SANGRE Y DE LOS ORGANOS HEMATOPOYETICOS, Y CIERTOS TRASTORNOS QUE AFECTAN EL MECANISMO DE LA INMUNIDAD",4
D804,DEFICIENCIA SELECTIVA DE INMUNOGLOBULINA M [IGM],COMORBILIDAD,Inmunodeficiencia,III,"ENFERMEDADES DE LA SANGRE Y DE LOS ORGANOS HEMATOPOYETICOS, Y CIERTOS TRASTORNOS QUE AFECTAN EL MECANISMO DE LA INMUNIDAD",4
D805,INMUNODEFICIENCIA CON INCREMENTO DE INMUNOGLOBULINA M [IGM],COMORBILIDAD,Inmunodeficiencia,III,"ENFERMEDADES DE LA SANGRE Y DE LOS ORGANOS HEMATOPOYETICOS, Y CIERTOS TRASTORNOS QUE AFECTAN EL MECANISMO DE LA INMUNIDAD",4
D806,DEFICIENCIA DE ANTICUERPOS CON INMUNOGLOBULINAS CASI NORMALES O CON HIPERINMUNOGLOBULINEMIA,COMORBILIDAD,Inmunodeficiencia,III,"ENFERMEDADES DE LA SANGRE Y DE LOS ORGANOS HEMATOPOYETICOS, Y CIERTOS TRASTORNOS QUE AFECTAN EL MECANISMO DE LA INMUNIDAD",4
D807,HIPOGAMMAGLOBULINEMIA TRANSITORIA DE LA INFANCIA,COMORBILIDAD,Inmunodeficiencia,III,"ENFERMEDADES DE LA SANGRE Y DE LOS ORGANOS HEMATOPOYETICOS, Y CIERTOS TRASTORNOS QUE AFECTAN EL MECANISMO DE LA INMUNIDAD",4
D808,OTRAS INMUNODEFICIENCIAS CON PREDOMINIO DE DEFECTOS DE LOS ANTICUERPOS,COMORBILIDAD,Inmunodeficiencia,III,"ENFERMEDADES DE LA SANGRE Y DE LOS ORGANOS HEMATOPOYETICOS, Y CIERTOS TRASTORNOS QUE AFECTAN EL MECANISMO DE LA INMUNIDAD",4
D809,"INMUNODEFICIENCIA CON PREDOMINIO DE DEFECTOS DE LOS ANTICUERPOS, NO ESPECIFICADA",COMORBILIDAD,Inmunodeficiencia,III,"ENFERMEDADES DE LA SANGRE Y DE LOS ORGANOS HEMATOPOYETICOS, Y CIERTOS TRASTORNOS QUE AFECTAN EL MECANISMO DE LA INMUNIDAD",4
D81,INMUNODEFICIENCIAS COMBINADAS,COMORBILIDAD,Inmunodeficiencia,III,"ENFERMEDADES DE LA SANGRE Y DE LOS ORGANOS HEMATOPOYETICOS, Y CIERTOS TRASTORNOS QUE AFECTAN EL MECANISMO DE LA INMUNIDAD",3
D810,INMUNODEFICIENCIA COMBINADA SEVERA [IDCS] CON DISGENESIA RETICULAR,COMORBILIDAD,Inmunodeficiencia,III,"ENFERMEDADES DE LA SANGRE Y DE LOS ORGANOS HEMATOPOYETICOS, Y CIERTOS TRASTORNOS QUE AFECTAN EL MECANISMO DE LA INMUNIDAD",4
D811,INMUNODEFICIENCIA COMBINADA SEVERA [IDCS] CON LINFOCITOPENIA T Y B,COMORBILIDAD,Inmunodeficiencia,III,"ENFERMEDADES DE LA SANGRE Y DE LOS ORGANOS HEMATOPOYETICOS, Y CIERTOS TRASTORNOS QUE AFECTAN EL MECANISMO DE LA INMUNIDAD",4
D812,INMUNODEFICIENCIA COMBINADA SEVERA [IDCS] CON CIFRA BAJA O NORMAL DE LINFOCITOS B,COMORBILIDAD,Inmunodeficiencia,III,"ENFERMEDADES DE LA SANGRE Y DE LOS ORGANOS HEMATOPOYETICOS, Y CIERTOS TRASTORNOS QUE AFECTAN EL MECANISMO DE LA INMUNIDAD",4
D813,DEFICIENCIA DE LA ADENOSINA DEAMINASA [ADA],COMORBILIDAD,Inmunodeficiencia,III,"ENFERMEDADES DE LA SANGRE Y DE LOS ORGANOS HEMATOPOYETICOS, Y CIERTOS TRASTORNOS QUE AFECTAN EL MECANISMO DE LA INMUNIDAD",4
D814,SÍNDROME DE NEZELOF,COMORBILIDAD,Inmunodeficiencia,III,"ENFERMEDADES DE LA SANGRE Y DE LOS ORGANOS HEMATOPOYETICOS, Y CIERTOS TRASTORNOS QUE AFECTAN EL MECANISMO DE LA INMUNIDAD",4
D815,DEFICIENCIA DE LA FOSFORILASA PURINONUCLEÓSIDA [FPN],COMORBILIDAD,Inmunodeficiencia,III,"ENFERMEDADES DE LA SANGRE Y DE LOS ORGANOS HEMATOPOYETICOS, Y CIERTOS TRASTORNOS QUE AFECTAN EL MECANISMO DE LA INMUNIDAD",4
D816,DEFICIENCIA DE LA CLASE I DEL COMPLEJO DE HISTOCOMPATIBILIDAD MAYOR,COMORBILIDAD,Inmunodeficiencia,III,"ENFERMEDADES DE LA SANGRE Y DE LOS ORGANOS HEMATOPOYETICOS, Y CIERTOS TRASTORNOS QUE AFECTAN EL MECANISMO DE LA INMUNIDAD",4
D817,DEFICIENCIA DE LA CLASE II DEL COMPLEJO DE HISTOCOMPATIBILIDAD MAYOR,COMORBILIDAD,Inmunodeficiencia,III,"ENFERMEDADES DE LA SANGRE Y DE LOS ORGANOS HEMATOPOYETICOS, Y CIERTOS TRASTORNOS QUE AFECTAN EL MECANISMO DE LA INMUNIDAD",4
D818,OTRAS INMUNODEFICIENCIAS COMBINADAS,COMORBILIDAD,Inmunodeficiencia,III,"ENFERMEDADES DE LA SANGRE Y DE LOS ORGANOS HEMATOPOYETICOS, Y CIERTOS TRASTORNOS QUE AFECTAN EL MECANISMO DE LA INMUNIDAD",4
D819,"INMUNODEFICIENCIA COMBINADA, NO ESPECIFICADA",COMORBILIDAD,Inmunodeficiencia,III,"ENFERMEDADES DE LA SANGRE Y DE LOS ORGANOS HEMATOPOYETICOS, Y CIERTOS TRASTORNOS QUE AFECTAN EL MECANISMO DE LA INMUNIDAD",4
D82,INMUNODEFICIENCIA ASOCIADA CON OTROS DEFECTOS MAYORES,COMORBILIDAD,Inmunodeficiencia,III,"ENFERMEDADES DE LA SANGRE Y DE LOS ORGANOS HEMATOPOYETICOS, Y CIERTOS TRASTORNOS QUE AFECTAN EL MECANISMO DE LA INMUNIDAD",3
D820,SÍNDROME DE WISKOTT-ALDRICH,COMORBILIDAD,Inmunodeficiencia,III,"ENFERMEDADES DE LA SANGRE Y DE LOS ORGANOS HEMATOPOYETICOS, Y CIERTOS TRASTORNOS QUE AFECTAN EL MECANISMO DE LA INMUNIDAD",4
D821,SÍNDROME DE DI GEORGE,COMORBILIDAD,Inmunodeficiencia,III,"ENFERMEDADES DE LA SANGRE Y DE LOS ORGANOS HEMATOPOYETICOS, Y CIERTOS TRASTORNOS QUE AFECTAN EL MECANISMO DE LA INMUNIDAD",4
D822,INMUNODEFICIENCIA CON ENANISMO MICROMÉLICO [MIEMBROS CORTOS],COMORBILIDAD,Inmunodeficiencia,III,"ENFERMEDADES DE LA SANGRE Y DE LOS ORGANOS HEMATOPOYETICOS, Y CIERTOS TRASTORNOS QUE AFECTAN EL MECANISMO DE LA INMUNIDAD",4
D823,INMUNODEFICIENCIA CONSECUTIVA A RESPUESTA DEFECTUOSA HEREDITARIA CONTRA EL VIRUS DE EPSTEIN-BARR,COMORBILIDAD,Inmunodeficiencia,III,"ENFERMEDADES DE LA SANGRE Y DE LOS ORGANOS HEMATOPOYETICOS, Y CIERTOS TRASTORNOS QUE AFECTAN EL MECANISMO DE LA INMUNIDAD",4
D824,SÍNDROME DE HIPERINMUNOGLOBULINA E [IGE],COMORBILIDAD,Inmunodeficiencia,III,"ENFERMEDADES DE LA SANGRE Y DE LOS ORGANOS HEMATOPOYETICOS, Y CIERTOS TRASTORNOS QUE AFECTAN EL MECANISMO DE LA INMUNIDAD",4
D828,INMUNODEFICIENCIA ASOCIADA CON OTROS DEFECTOS MAYORES ESPECIFICADOS,COMORBILIDAD,Inmunodeficiencia,III,"ENFERMEDADES DE LA SANGRE Y DE LOS ORGANOS HEMATOPOYETICOS, Y CIERTOS TRASTORNOS QUE AFECTAN EL MECANISMO DE LA INMUNIDAD",4
D829,INMUNODEFICIENCIA ASOCIADA CON DEFECTOS MAYORES NO ESPECIFICADOS,COMORBILIDAD,Inmunodeficiencia,III,"ENFERMEDADES DE LA SANGRE Y DE LOS ORGANOS HEMATOPOYETICOS, Y CIERTOS TRASTORNOS QUE AFECTAN EL MECANISMO DE LA INMUNIDAD",4
D83,INMUNODEFICIENCIA VARIABLE COMÚN,COMORBILIDAD,Inmunodeficiencia,III,"ENFERMEDADES DE LA SANGRE Y DE LOS ORGANOS HEMATOPOYETICOS, Y CIERTOS TRASTORNOS QUE AFECTAN EL MECANISMO DE LA INMUNIDAD",3
D830,INMUNODEFICIENCIA VARIABLE COMÚN CON PREDOMINIO DE ANORMALIDADES EN EL NÚMERO Y LA FUNCIÓN DE LOS LINFOCITOS B,COMORBILIDAD,Inmunodeficiencia,III,"ENFERMEDADES DE LA SANGRE Y DE LOS ORGANOS HEMATOPOYETICOS, Y CIERTOS TRASTORNOS QUE AFECTAN EL MECANISMO DE LA INMUNIDAD",4
D831,INMUNODEFICIENCIA VARIABLE COMÚN CON PREDOMINIO DE TRASTORNOS INMUNORREGULADORES DE LOS LINFOCITOS T,COMORBILIDAD,Inmunodeficiencia,III,"ENFERMEDADES DE LA SANGRE Y DE LOS ORGANOS HEMATOPOYETICOS, Y CIERTOS TRASTORNOS QUE AFECTAN EL MECANISMO DE LA INMUNIDAD",4
D832,INMUNODEFICIENCIA VARIABLE COMÚN CON AUTOANTICUERPOS ANTI-B O ANTI-T,COMORBILIDAD,Inmunodeficiencia,III,"ENFERMEDADES DE LA SANGRE Y DE LOS ORGANOS HEMATOPOYETICOS, Y CIERTOS TRASTORNOS QUE AFECTAN EL MECANISMO DE LA INMUNIDAD",4
D838,OTRAS INMUNODEFICIENCIAS VARIABLES COMUNES,COMORBILIDAD,Inmunodeficiencia,III,"ENFERMEDADES DE LA SANGRE Y DE LOS ORGANOS HEMATOPOYETICOS, Y CIERTOS TRASTORNOS QUE AFECTAN EL MECANISMO DE LA INMUNIDAD",4
D839,"INMUNODEFICIENCIA VARIABLE COMÚN, NO ESPECIFICADA",COMORBILIDAD,Inmunodeficiencia,III,"ENFERMEDADES DE LA SANGRE Y DE LOS ORGANOS HEMATOPOYETICOS, Y CIERTOS TRASTORNOS QUE AFECTAN EL MECANISMO DE LA INMUNIDAD",4
D84,OTRAS INMUNODEFICIENCIAS,COMORBILIDAD,Inmunodeficiencia,III,"ENFERMEDADES DE LA SANGRE Y DE LOS ORGANOS HEMATOPOYETICOS, Y CIERTOS TRASTORNOS QUE AFECTAN EL MECANISMO DE LA INMUNIDAD",3
D840,DEFECTO DE LA FUNCIÓN DEL ANTÍGENO-1 DEL LINFOCITO [LFA-1],COMORBILIDAD,Inmunodeficiencia,III,"ENFERMEDADES DE LA SANGRE Y DE LOS ORGANOS HEMATOPOYETICOS, Y CIERTOS TRASTORNOS QUE AFECTAN EL MECANISMO DE LA INMUNIDAD",4
D841,DEFECTO DEL SISTEMA DEL COMPLEMENTO,COMORBILIDAD,Inmunodeficiencia,III,"ENFERMEDADES DE LA SANGRE Y DE LOS ORGANOS HEMATOPOYETICOS, Y CIERTOS TRASTORNOS QUE AFECTAN EL MECANISMO DE LA INMUNIDAD",4
D848,OTRAS INMUNODEFICIENCIAS ESPECIFICADAS,COMORBILIDAD,Inmunodeficiencia,III,"ENFERMEDADES DE LA SANGRE Y DE LOS ORGANOS HEMATOPOYETICOS, Y CIERTOS TRASTORNOS QUE AFECTAN EL MECANISMO DE LA INMUNIDAD",4
D849,"INMUNODEFICIENCIA, NO ESPECIFICADA",COMORBILIDAD,Inmunodeficiencia,III,"ENFERMEDADES DE LA SANGRE Y DE LOS ORGANOS HEMATOPOYETICOS, Y CIERTOS TRASTORNOS QUE AFECTAN EL MECANISMO DE LA INMUNIDAD",4
D89,"OTROS TRASTORNOS QUE AFECTAN EL MECANISMO DE LA INMUNIDAD, NO CLASIFICADOS EN OTRA PARTE",COMORBILIDAD,Inmunodeficiencia,III,"ENFERMEDADES DE LA SANGRE Y DE LOS ORGANOS HEMATOPOYETICOS, Y CIERTOS TRASTORNOS QUE AFECTAN EL MECANISMO DE LA INMUNIDAD",3
D890,HIPERGAMMAGLOBULINEMIA POLICLONAL,COMORBILIDAD,Inmunodeficiencia,III,"ENFERMEDADES DE LA SANGRE Y DE LOS ORGANOS HEMATOPOYETICOS, Y CIERTOS TRASTORNOS QUE AFECTAN EL MECANISMO DE LA INMUNIDAD",4
D891,CRIOGLOBULINEMIA,COMORBILIDAD,Inmunodeficiencia,III,"ENFERMEDADES DE LA SANGRE Y DE LOS ORGANOS HEMATOPOYETICOS, Y CIERTOS TRASTORNOS QUE AFECTAN EL MECANISMO DE LA INMUNIDAD",4
D892,"HIPERGAMMAGLOBULINEMIA, NO ESPECIFICADA",COMORBILIDAD,Inmunodeficiencia,III,"ENFERMEDADES DE LA SANGRE Y DE LOS ORGANOS HEMATOPOYETICOS, Y CIERTOS TRASTORNOS QUE AFECTAN EL MECANISMO DE LA INMUNIDAD",4
D893,SÍNDROME DE RECONSTITUCIÓN INMUNE,COMORBILIDAD,Inmunodeficiencia,III,"ENFERMEDADES DE LA SANGRE Y DE LOS ORGANOS HEMATOPOYETICOS, Y CIERTOS TRASTORNOS QUE AFECTAN EL MECANISMO DE LA INMUNIDAD",4
D898,"OTROS TRASTORNOS ESPECIFICADOS QUE AFECTAN EL MECANISMO DE LA INMUNIDAD, NO CLASIFICADOS EN OTRA PARTE",COMORBILIDAD,Inmunodeficiencia,III,"ENFERMEDADES DE LA SANGRE Y DE LOS ORGANOS HEMATOPOYETICOS, Y CIERTOS TRASTORNOS QUE AFECTAN EL MECANISMO DE LA INMUNIDAD",4
D899,"TRASTORNO QUE AFECTA AL MECANISMO DE LA INMUNIDAD, NO ESPECIFICADO",COMORBILIDAD,Inmunodeficiencia,III,"ENFERMEDADES DE LA SANGRE Y DE LOS ORGANOS HEMATOPOYETICOS, Y CIERTOS TRASTORNOS QUE AFECTAN EL MECANISMO DE LA INMUNIDAD",4
E10,DIABETES MELLITUS TIPO 1,CAUSA,Diabetes mellitus,IV,"ENFERMEDADES ENDOCRINAS, NUTRICIONALES Y METABOLICAS",3
E100,"DIABETES MELLITUS TIPO 1, CON COMA",CAUSA,Diabetes mellitus,IV,"ENFERMEDADES ENDOCRINAS, NUTRICIONALES Y METABOLICAS",4
E101,"DIABETES MELLITUS TIPO 1, CON CETOACIDOSIS",CAUSA,Diabetes mellitus,IV,"ENFERMEDADES ENDOCRINAS, NUTRICIONALES Y METABOLICAS",4
E102,"DIABETES MELLITUS TIPO 1, CON COMPLICACIONES RENALES",CAUSA,Diabetes mellitus,IV,"ENFERMEDADES ENDOCRINAS, NUTRICIONALES Y METABOLICAS",4
E103,"DIABETES MELLITUS TIPO 1, CON COMPLICACIONES OFTÁLMICAS",CAUSA,Diabetes mellitus,IV,"ENFERMEDADES ENDOCRINAS, NUTRICIONALES Y METABOLICAS",4
E104,"DIABETES MELLITUS TIPO 1, CON COMPLICACIONES NEUROLÓGICAS",CAUSA,Diabetes mellitus,IV,"ENFERMEDADES ENDOCRINAS, NUTRICIONALES Y METABOLICAS",4
E105,"DIABETES MELLITUS TIPO 1, CON COMPLICACIONES CIRCULATORIAS PERIFÉRICAS",CAUSA,Diabetes mellitus,IV,"ENFERMEDADES ENDOCRINAS, NUTRICIONALES Y METABOLICAS",4
E106,"DIABETES MELLITUS TIPO 1, CON OTRAS COMPLICACIONES ESPECIFICADAS",CAUSA,Diabetes mellitus,IV,"ENFERMEDADES ENDOCRINAS, NUTRICIONALES Y METABOLICAS",4
E107,"DIABETES MELLITUS TIPO 1, CON COMPLICACIONES MÚLTIPLES",CAUSA,Diabetes mellitus,IV,"ENFERMEDADES ENDOCRINAS, NUTRICIONALES Y METABOLICAS",4
E108,"DIABETES MELLITUS TIPO 1, CON COMPLICACIONES NO ESPECIFICADAS",CAUSA,Diabetes mellitus,IV,"ENFERMEDADES ENDOCRINAS, NUTRICIONALES Y METABOLICAS",4
E109,"DIABETES MELLITUS TIPO 1, SIN MENCIÓN DE COMPLICACIÓN",CAUSA,Diabetes mellitus,IV,"ENFERMEDADES ENDOCRINAS, NUTRICIONALES Y METABOLICAS",4
E11,DIABETES MELLITUS TIPO 2,CAUSA,Diabetes mellitus,IV,"ENFERMEDADES ENDOCRINAS, NUTRICIONALES Y METABOLICAS",3
E110,"DIABETES MELLITUS TIPO 2, CON COMA",CAUSA,Diabetes mellitus,IV,"ENFERMEDADES ENDOCRINAS, NUTRICIONALES Y METABOLICAS",4
E111,"DIABETES MELLITUS TIPO 2, CON CETOACIDOSIS",CAUSA,Diabetes mellitus,IV,"ENFERMEDADES ENDOCRINAS, NUTRICIONALES Y METABOLICAS",4
E112,"DIABETES MELLITUS TIPO 2, CON COMPLICACIONES RENALES",CAUSA,Diabetes mellitus,IV,"ENFERMEDADES ENDOCRINAS, NUTRICIONALES Y METABOLICAS",4
E113,"DIABETES MELLITUS TIPO 2, CON COMPLICACIONES OFTÁLMICAS",CAUSA,Diabetes mellitus,IV,"ENFERMEDADES ENDOCRINAS, NUTRICIONALES Y METABOLICAS",4
E114,"DIABETES MELLITUS TIPO 2, CON COMPLICACIONES NEUROLÓGICAS",CAUSA,Diabetes mellitus,IV,"ENFERMEDADES ENDOCRINAS, NUTRICIONALES Y METABOLICAS",4
E115,"DIABETES MELLITUS TIPO 2, CON COMPLICACIONES CIRCULATORIAS PERIFÉRICAS",CAUSA,Diabetes mellitus,IV,"ENFERMEDADES ENDOCRINAS, NUTRICIONALES Y METABOLICAS",4
E116,"DIABETES MELLITUS TIPO 2, CON OTRAS COMPLICACIONES ESPECIFICADAS",CAUSA,Diabetes mellitus,IV,"ENFERMEDADES ENDOCRINAS, NUTRICIONALES Y METABOLICAS",4
E117,"DIABETES MELLITUS TIPO 2, CON COMPLICACIONES MÚLTIPLES",CAUSA,Diabetes mellitus,IV,"ENFERMEDADES ENDOCRINAS, NUTRICIONALES Y METABOLICAS",4
E118,"DIABETES MELLITUS TIPO 2, CON COMPLICACIONES NO ESPECIFICADAS",CAUSA,Diabetes mellitus,IV,"ENFERMEDADES ENDOCRINAS, NUTRICIONALES Y METABOLICAS",4
E119,"DIABETES MELLITUS TIPO 2, SIN MENCIÓN DE COMPLICACIÓN",CAUSA,Diabetes mellitus,IV,"ENFERMEDADES ENDOCRINAS, NUTRICIONALES Y METABOLICAS",4
E12,DIABETES MELLITUS ASOCIADA CON DESNUTRICIÓN,CAUSA,Diabetes mellitus,IV,"ENFERMEDADES ENDOCRINAS, NUTRICIONALES Y METABOLICAS",3
E120,"DIABETES MELLITUS ASOCIADA CON DESNUTRICIÓN, CON COMA",CAUSA,Diabetes mellitus,IV,"ENFERMEDADES ENDOCRINAS, NUTRICIONALES Y METABOLICAS",4
E121,"DIABETES MELLITUS ASOCIADA CON DESNUTRICIÓN, CON CETOACIDOSIS",CAUSA,Diabetes mellitus,IV,"ENFERMEDADES ENDOCRINAS, NUTRICIONALES Y METABOLICAS",4
E122,"DIABETES MELLITUS ASOCIADA CON DESNUTRICIÓN, CON COMPLICACIONES RENALES",CAUSA,Diabetes mellitus,IV,"ENFERMEDADES ENDOCRINAS, NUTRICIONALES Y METABOLICAS",4
E123,"DIABETES MELLITUS ASOCIADA CON DESNUTRICIÓN, CON COMPLICACIONES OFTÁLMICAS",CAUSA,Diabetes mellitus,IV,"ENFERMEDADES ENDOCRINAS, NUTRICIONALES Y METABOLICAS",4
E124,"DIABETES MELLITUS ASOCIADA CON DESNUTRICIÓN, CON COMPLICACIONES NEUROLÓGICAS",CAUSA,Diabetes mellitus,IV,"ENFERMEDADES ENDOCRINAS, NUTRICIONALES Y METABOLICAS",4
E125,"DIABETES MELLITUS ASOCIADA CON DESNUTRICIÓN, CON COMPLICACIONES CIRCULATORIAS PERIFÉRICAS",CAUSA,Diabetes mellitus,IV,"ENFERMEDADES ENDOCRINAS, NUTRICIONALES Y METABOLICAS",4
E126,"DIABETES MELLITUS ASOCIADA CON DESNUTRICIÓN, CON OTRAS COMPLICACIONES ESPECIFICADAS",CAUSA,Diabetes mellitus,IV,"ENFERMEDADES ENDOCRINAS, NUTRICIONALES Y METABOLICAS",4
E127,"DIABETES MELLITUS ASOCIADA CON DESNUTRICIÓN, CON COMPLICACIONES MÚLTIPLES",CAUSA,Diabetes mellitus,IV,"ENFERMEDADES ENDOCRINAS, NUTRICIONALES Y METABOLICAS",4
E128,"DIABETES MELLITUS ASOCIADA CON DESNUTRICIÓN, CON COMPLICACIONES NO ESPECIFICADAS",CAUSA,Diabetes mellitus,IV,"ENFERMEDADES ENDOCRINAS, NUTRICIONALES Y METABOLICAS",4
E129,"DIABETES MELLITUS ASOCIADA CON DESNUTRICIÓN, SIN MENCIÓN DE COMPLICACIÓN",CAUSA,Diabetes mellitus,IV,"ENFERMEDADES ENDOCRINAS, NUTRICIONALES Y METABOLICAS",4
E13,OTRAS DIABETES MELLITUS ESPECIFICADAS,CAUSA,Diabetes mellitus,IV,"ENFERMEDADES ENDOCRINAS, NUTRICIONALES Y METABOLICAS",3
E130,"OTRAS DIABETES MELLITUS ESPECIFICADAS, CON COMA",CAUSA,Diabetes mellitus,IV,"ENFERMEDADES ENDOCRINAS, NUTRICIONALES Y METABOLICAS",4
E131,"OTRAS DIABETES MELLITUS ESPECIFICADAS, CON CETOACIDOSIS",CAUSA,Diabetes mellitus,IV,"ENFERMEDADES ENDOCRINAS, NUTRICIONALES Y METABOLICAS",4
E132,"OTRAS DIABETES MELLITUS ESPECIFICADAS, CON COMPLICACIONES RENALES",CAUSA,Diabetes mellitus,IV,"ENFERMEDADES ENDOCRINAS, NUTRICIONALES Y METABOLICAS",4
E133,"OTRAS DIABETES MELLITUS ESPECIFICADAS, CON COMPLICACIONES OFTÁLMICAS",CAUSA,Diabetes mellitus,IV,"ENFERMEDADES ENDOCRINAS, NUTRICIONALES Y METABOLICAS",4
E134,"OTRAS DIABETES MELLITUS ESPECIFICADAS, CON COMPLICACIONES NEUROLÓGICAS",CAUSA,Diabetes mellitus,IV,"ENFERMEDADES ENDOCRINAS, NUTRICIONALES Y METABOLICAS",4
E135,"OTRAS DIABETES MELLITUS ESPECIFICADAS, CON COMPLICACIONES CIRCULATORIAS PERIFÉRICAS",CAUSA,Diabetes mellitus,IV,"ENFERMEDADES ENDOCRINAS, NUTRICIONALES Y METABOLICAS",4
E136,"OTRAS DIABETES MELLITUS ESPECIFICADAS, CON OTRAS COMPLICACIONES ESPECIFICADAS",CAUSA,Diabetes mellitus,IV,"ENFERMEDADES ENDOCRINAS, NUTRICIONALES Y METABOLICAS",4
E137,"OTRAS DIABETES MELLITUS ESPECIFICADAS, CON COMPLICACIONES MÚLTIPLES",CAUSA,Diabetes mellitus,IV,"ENFERMEDADES ENDOCRINAS, NUTRICIONALES Y METABOLICAS",4
E138,"OTRAS DIABETES MELLITUS ESPECIFICADAS, CON COMPLICACIONES NO ESPECIFICADAS",CAUSA,Diabetes mellitus,IV,"ENFERMEDADES ENDOCRINAS, NUTRICIONALES Y METABOLICAS",4
E139,"OTRAS DIABETES MELLITUS ESPECIFICADAS, SIN MENCIÓN DE COMPLICACIÓN",CAUSA,Diabetes mellitus,IV,"ENFERMEDADES ENDOCRINAS, NUTRICIONALES Y METABOLICAS",4
E14,"DIABETES MELLITUS, NO ESPECIFICADA",CAUSA,Diabetes mellitus,IV,"ENFERMEDADES ENDOCRINAS, NUTRICIONALES Y METABOLICAS",3
E140,"DIABETES MELLITUS NO ESPECIFICADA, CON COMA",CAUSA,Diabetes mellitus,IV,"ENFERMEDADES ENDOCRINAS, NUTRICIONALES Y METABOLICAS",4
E141,"DIABETES MELLITUS NO ESPECIFICADA, CON CETOACIDOSIS",CAUSA,Diabetes mellitus,IV,"ENFERMEDADES ENDOCRINAS, NUTRICIONALES Y METABOLICAS",4
E142,"DIABETES MELLITUS NO ESPECIFICADA, CON COMPLICACIONES RENALES",CAUSA,Diabetes mellitus,IV,"ENFERMEDADES ENDOCRINAS, NUTRICIONALES Y METABOLICAS",4
E143,"DIABETES MELLITUS NO ESPECIFICADA, CON COMPLICACIONES OFTÁLMICAS",CAUSA,Diabetes mellitus,IV,"ENFERMEDADES ENDOCRINAS, NUTRICIONALES Y METABOLICAS",4
E144,"DIABETES MELLITUS NO ESPECIFICADA, CON COMPLICACIONES NEUROLÓGICAS",CAUSA,Diabetes mellitus,IV,"ENFERMEDADES ENDOCRINAS, NUTRICIONALES Y METABOLICAS",4
E145,"DIABETES MELLITUS NO ESPECIFICADA, CON COMPLICACIONES CIRCULATORIAS PERIFÉRICAS",CAUSA,Diabetes mellitus,IV,"ENFERMEDADES ENDOCRINAS, NUTRICIONALES Y METABOLICAS",4
E146,"DIABETES MELLITUS NO ESPECIFICADA, CON OTRAS COMPLICACIONES ESPECIFICADAS",CAUSA,Diabetes mellitus,IV,"ENFERMEDADES ENDOCRINAS, NUTRICIONALES Y METABOLICAS",4
E147,"DIABETES MELLITUS NO ESPECIFICADA, CON COMPLICACIONES MÚLTIPLES",CAUSA,Diabetes mellitus,IV,"ENFERMEDADES ENDOCRINAS, NUTRICIONALES Y METABOLICAS",4
E148,"DIABETES MELLITUS NO ESPECIFICADA, CON COMPLICACIONES NO ESPECIFICADAS",CAUSA,Diabetes mellitus,IV,"ENFERMEDADES ENDOCRINAS, NUTRICIONALES Y METABOLICAS",4
E149,"DIABETES MELLITUS NO ESPECIFICADA, SIN MENCIÓN DE COMPLICACIÓN",CAUSA,Diabetes mellitus,IV,"ENFERMEDADES ENDOCRINAS, NUTRICIONALES Y METABOLICAS",4
E40X,KWASHIORKOR,CAUSA,Desnutrición,IV,"ENFERMEDADES ENDOCRINAS, NUTRICIONALES Y METABOLICAS",4
E41X,MARASMO NUTRICIONAL,CAUSA,Desnutrición,IV,"ENFERMEDADES ENDOCRINAS, NUTRICIONALES Y METABOLICAS",4
E42X,KWASHIORKOR MARASMÁTICO,CAUSA,Desnutrición,IV,"ENFERMEDADES ENDOCRINAS, NUTRICIONALES Y METABOLICAS",4
E43X,"DESNUTRICIÓN PROTEICOCALÓRICA SEVERA, NO ESPECIFICADA",CAUSA,Desnutrición,IV,"ENFERMEDADES ENDOCRINAS, NUTRICIONALES Y METABOLICAS",4
E44,DESNUTRICIÓN PROTEICOCALÓRICA DE GRADO MODERADO Y LEVE,CAUSA,Desnutrición,IV,"ENFERMEDADES ENDOCRINAS, NUTRICIONALES Y METABOLICAS",3
E440,DESNUTRICIÓN PROTEICOCALÓRICA MODERADA,CAUSA,Desnutrición,IV,"ENFERMEDADES ENDOCRINAS, NUTRICIONALES Y METABOLICAS",4
E441,DESNUTRICIÓN PROTEICOCALÓRICA LEVE,CAUSA,Desnutrición,IV,"ENFERMEDADES ENDOCRINAS, NUTRICIONALES Y METABOLICAS",4
E45X,RETARDO DEL DESARROLLO DEBIDO A DESNUTRICIÓN PROTEICOCALÓRICA,CAUSA,Desnutrición,IV,"ENFERMEDADES ENDOCRINAS, NUTRICIONALES Y METABOLICAS",4
E46X,"DESNUTRICIÓN PROTEICOCALÓRICA, NO ESPECIFICADA",CAUSA,Desnutrición,IV,"ENFERMEDADES ENDOCRINAS, NUTRICIONALES Y METABOLICAS",4
E50,DEFICIENCIA DE VITAMINA A,CAUSA,Deficiencia nutricional / vitamínica,IV,"ENFERMEDADES ENDOCRINAS, NUTRICIONALES Y METABOLICAS",3
E500,DEFICIENCIA DE VITAMINA A CON XEROSIS CONJUNTIVAL,CAUSA,Deficiencia nutricional / vitamínica,IV,"ENFERMEDADES ENDOCRINAS, NUTRICIONALES Y METABOLICAS",4
E501,DEFICIENCIA DE VITAMINA A CON MANCHA DE BITOT Y XEROSIS CONJUNTIVAL,CAUSA,Deficiencia nutricional / vitamínica,IV,"ENFERMEDADES ENDOCRINAS, NUTRICIONALES Y METABOLICAS",4
E502,DEFICIENCIA DE VITAMINA A CON XEROSIS CORNEAL,CAUSA,Deficiencia nutricional / vitamínica,IV,"ENFERMEDADES ENDOCRINAS, NUTRICIONALES Y METABOLICAS",4
E503,DEFICIENCIA DE VITAMINA A CON ULCERACIÓN CORNEAL Y XEROSIS,CAUSA,Deficiencia nutricional / vitamínica,IV,"ENFERMEDADES ENDOCRINAS, NUTRICIONALES Y METABOLICAS",4
E504,DEFICIENCIA DE VITAMINA A CON QUERATOMALACIA,CAUSA,Deficiencia nutricional / vitamínica,IV,"ENFERMEDADES ENDOCRINAS, NUTRICIONALES Y METABOLICAS",4
E505,DEFICIENCIA DE VITAMINA A CON CEGUERA NOCTURNA,CAUSA,Deficiencia nutricional / vitamínica,IV,"ENFERMEDADES ENDOCRINAS, NUTRICIONALES Y METABOLICAS",4
E506,DEFICIENCIA DE VITAMINA A CON CICATRICES XEROFTÁLMICAS DE LA CÓRNEA,CAUSA,Deficiencia nutricional / vitamínica,IV,"ENFERMEDADES ENDOCRINAS, NUTRICIONALES Y METABOLICAS",4
E507,OTRAS MANIFESTACIONES OCULARES DE DEFICIENCIA DE VITAMINA A,CAUSA,Deficiencia nutricional / vitamínica,IV,"ENFERMEDADES ENDOCRINAS, NUTRICIONALES Y METABOLICAS",4
E508,OTRAS MANIFESTACIONES DE DEFICIENCIA DE VITAMINA A,CAUSA,Deficiencia nutricional / vitamínica,IV,"ENFERMEDADES ENDOCRINAS, NUTRICIONALES Y METABOLICAS",4
E509,"DEFICIENCIA DE VITAMINA A, NO ESPECIFICADA",CAUSA,Deficiencia nutricional / vitamínica,IV,"ENFERMEDADES ENDOCRINAS, NUTRICIONALES Y METABOLICAS",4
E51,DEFICIENCIA DE TIAMINA,CAUSA,Deficiencia nutricional / vitamínica,IV,"ENFERMEDADES ENDOCRINAS, NUTRICIONALES Y METABOLICAS",3
E511,BERIBERI,CAUSA,Deficiencia nutricional / vitamínica,IV,"ENFERMEDADES ENDOCRINAS, NUTRICIONALES Y METABOLICAS",4
E512,ENCEFALOPATÍA DE WERNICKE,CAUSA,Deficiencia nutricional / vitamínica,IV,"ENFERMEDADES ENDOCRINAS, NUTRICIONALES Y METABOLICAS",4
E518,OTRAS MANIFESTACIONES DE LA DEFICIENCIA DE TIAMINA,CAUSA,Deficiencia nutricional / vitamínica,IV,"ENFERMEDADES ENDOCRINAS, NUTRICIONALES Y METABOLICAS",4
E519,"DEFICIENCIA DE TIAMINA, NO ESPECIFICADA",CAUSA,Deficiencia nutricional / vitamínica,IV,"ENFERMEDADES ENDOCRINAS, NUTRICIONALES Y METABOLICAS",4
E52X,DEFICIENCIA DE NIACINA [PELAGRA],CAUSA,Deficiencia nutricional / vitamínica,IV,"ENFERMEDADES ENDOCRINAS, NUTRICIONALES Y METABOLICAS",4
E53,DEFICIENCIAS DE OTRAS VITAMINAS DEL GRUPO B,CAUSA,Deficiencia nutricional / vitamínica,IV,"ENFERMEDADES ENDOCRINAS, NUTRICIONALES Y METABOLICAS",3
E530,DEFICIENCIA DE RIBOFLAVINA,CAUSA,Deficiencia nutricional / vitamínica,IV,"ENFERMEDADES ENDOCRINAS, NUTRICIONALES Y METABOLICAS",4
E531,DEFICIENCIA DE PIRIDOXINA,CAUSA,Deficiencia nutricional / vitamínica,IV,"ENFERMEDADES ENDOCRINAS, NUTRICIONALES Y METABOLICAS",4
E538,DEFICIENCIA DE OTRAS VITAMINAS DEL GRUPO B,CAUSA,Deficiencia nutricional / vitamínica,IV,"ENFERMEDADES ENDOCRINAS, NUTRICIONALES Y METABOLICAS",4
E539,"DEFICIENCIA DE VITAMINA B, NO ESPECIFICADA",CAUSA,Deficiencia nutricional / vitamínica,IV,"ENFERMEDADES ENDOCRINAS, NUTRICIONALES Y METABOLICAS",4
E54X,DEFICIENCIA DE ÁCIDO ASCÓRBICO,CAUSA,Deficiencia nutricional / vitamínica,IV,"ENFERMEDADES ENDOCRINAS, NUTRICIONALES Y METABOLICAS",4
E55,DEFICIENCIA DE VITAMINA D,CAUSA,Deficiencia nutricional / vitamínica,IV,"ENFERMEDADES ENDOCRINAS, NUTRICIONALES Y METABOLICAS",3
E550,RAQUITISMO ACTIVO,CAUSA,Deficiencia nutricional / vitamínica,IV,"ENFERMEDADES ENDOCRINAS, NUTRICIONALES Y METABOLICAS",4
E559,"DEFICIENCIA DE VITAMINA D, NO ESPECIFICADA",CAUSA,Deficiencia nutricional / vitamínica,IV,"ENFERMEDADES ENDOCRINAS, NUTRICIONALES Y METABOLICAS",4
E56,OTRAS DEFICIENCIAS DE VITAMINAS,CAUSA,Deficiencia nutricional / vitamínica,IV,"ENFERMEDADES ENDOCRINAS, NUTRICIONALES Y METABOLICAS",3
E560,DEFICIENCIA DE VITAMINA E,CAUSA,Deficiencia nutricional / vitamínica,IV,"ENFERMEDADES ENDOCRINAS, NUTRICIONALES Y METABOLICAS",4
E561,DEFICIENCIA DE VITAMINA K,CAUSA,Deficiencia nutricional / vitamínica,IV,"ENFERMEDADES ENDOCRINAS, NUTRICIONALES Y METABOLICAS",4
E568,DEFICIENCIA DE OTRAS VITAMINAS,CAUSA,Deficiencia nutricional / vitamínica,IV,"ENFERMEDADES ENDOCRINAS, NUTRICIONALES Y METABOLICAS",4
E569,"DEFICIENCIA DE VITAMINA, NO ESPECIFICADA",CAUSA,Deficiencia nutricional / vitamínica,IV,"ENFERMEDADES ENDOCRINAS, NUTRICIONALES Y METABOLICAS",4
E58X,DEFICIENCIA DIETÉTICA DE CALCIO,CAUSA,Deficiencia nutricional / vitamínica,IV,"ENFERMEDADES ENDOCRINAS, NUTRICIONALES Y METABOLICAS",4
E59X,DEFICIENCIA DIETÉTICA DE SELENIO,CAUSA,Deficiencia nutricional / vitamínica,IV,"ENFERMEDADES ENDOCRINAS, NUTRICIONALES Y METABOLICAS",4
E60X,DEFICIENCIA DIETÉTICA DE ZINC,CAUSA,Deficiencia nutricional / vitamínica,IV,"ENFERMEDADES ENDOCRINAS, NUTRICIONALES Y METABOLICAS",4
E61,DEFICIENCIAS DE OTROS ELEMENTOS NUTRICIONALES,CAUSA,Deficiencia nutricional / vitamínica,IV,"ENFERMEDADES ENDOCRINAS, NUTRICIONALES Y METABOLICAS",3
E610,DEFICIENCIA DE COBRE,CAUSA,Deficiencia nutricional / vitamínica,IV,"ENFERMEDADES ENDOCRINAS, NUTRICIONALES Y METABOLICAS",4
E611,DEFICIENCIA DE HIERRO,CAUSA,Deficiencia nutricional / vitamínica,IV,"ENFERMEDADES ENDOCRINAS, NUTRICIONALES Y METABOLICAS",4
E612,DEFICIENCIA DE MAGNESIO,CAUSA,Deficiencia nutricional / vitamínica,IV,"ENFERMEDADES ENDOCRINAS, NUTRICIONALES Y METABOLICAS",4
E613,DEFICIENCIA DE MANGANESO,CAUSA,Deficiencia nutricional / vitamínica,IV,"ENFERMEDADES ENDOCRINAS, NUTRICIONALES Y METABOLICAS",4
E614,DEFICIENCIA DE CROMO,CAUSA,Deficiencia nutricional / vitamínica,IV,"ENFERMEDADES ENDOCRINAS, NUTRICIONALES Y METABOLICAS",4
E615,DEFICIENCIA DE MOLIBDENO,CAUSA,Deficiencia nutricional / vitamínica,IV,"ENFERMEDADES ENDOCRINAS, NUTRICIONALES Y METABOLICAS",4
E616,DEFICIENCIA DE VANADIO,CAUSA,Deficiencia nutricional / vitamínica,IV,"ENFERMEDADES ENDOCRINAS, NUTRICIONALES Y METABOLICAS",4
E617,DEFICIENCIA DE MÚLTIPLES ELEMENTOS NUTRICIONALES,CAUSA,Deficiencia nutricional / vitamínica,IV,"ENFERMEDADES ENDOCRINAS, NUTRICIONALES Y METABOLICAS",4
E618,DEFICIENCIA DE OTROS ELEMENTOS NUTRICIONALES ESPECIFICADOS,CAUSA,Deficiencia nutricional / vitamínica,IV,"ENFERMEDADES ENDOCRINAS, NUTRICIONALES Y METABOLICAS",4
E619,"DEFICIENCIA DE OTRO ELEMENTO NUTRICIONAL, NO ESPECIFICADO",CAUSA,Deficiencia nutricional / vitamínica,IV,"ENFERMEDADES ENDOCRINAS, NUTRICIONALES Y METABOLICAS",4
E63,OTRAS DEFICIENCIAS NUTRICIONALES,CAUSA,Deficiencia nutricional / vitamínica,IV,"ENFERMEDADES ENDOCRINAS, NUTRICIONALES Y METABOLICAS",3
E630,DEFICIENCIA DE ÁCIDOS GRASOS ESENCIALES [AGE],CAUSA,Deficiencia nutricional / vitamínica,IV,"ENFERMEDADES ENDOCRINAS, NUTRICIONALES Y METABOLICAS",4
E631,DESEQUILIBRIO DE LOS CONSTITUYENTES EN LA DIETA,CAUSA,Deficiencia nutricional / vitamínica,IV,"ENFERMEDADES ENDOCRINAS, NUTRICIONALES Y METABOLICAS",4
E638,OTRAS DEFICIENCIAS NUTRICIONALES ESPECIFICADAS,CAUSA,Deficiencia nutricional / vitamínica,IV,"ENFERMEDADES ENDOCRINAS, NUTRICIONALES Y METABOLICAS",4
E639,"DEFICIENCIA NUTRICIONAL, NO ESPECIFICADA",CAUSA,Deficiencia nutricional / vitamínica,IV,"ENFERMEDADES ENDOCRINAS, NUTRICIONALES Y METABOLICAS",4
E64,SECUELAS DE LA DESNUTRICIÓN Y DE OTRAS DEFICIENCIAS NUTRICIONALES,CAUSA,Deficiencia nutricional / vitamínica,IV,"ENFERMEDADES ENDOCRINAS, NUTRICIONALES Y METABOLICAS",3
E640,SECUELAS DE LA DESNUTRICIÓN PROTEICOCALÓRICA,CAUSA,Deficiencia nutricional / vitamínica,IV,"ENFERMEDADES ENDOCRINAS, NUTRICIONALES Y METABOLICAS",4
E641,SECUELAS DE LA DEFICIENCIA DE VITAMINA A,CAUSA,Deficiencia nutricional / vitamínica,IV,"ENFERMEDADES ENDOCRINAS, NUTRICIONALES Y METABOLICAS",4
E642,SECUELAS DE LA DEFICIENCIA DE VITAMINA C,CAUSA,Deficiencia nutricional / vitamínica,IV,"ENFERMEDADES ENDOCRINAS, NUTRICIONALES Y METABOLICAS",4
E643,SECUELAS DEL RAQUITISMO,CAUSA,Deficiencia nutricional / vitamínica,IV,"ENFERMEDADES ENDOCRINAS, NUTRICIONALES Y METABOLICAS",4
E648,SECUELAS DE OTRAS DEFICIENCIAS NUTRICIONALES,CAUSA,Deficiencia nutricional / vitamínica,IV,"ENFERMEDADES ENDOCRINAS, NUTRICIONALES Y METABOLICAS",4
E649,SECUELAS DE LA DEFICIENCIA NUTRICIONAL NO ESPECIFICADA,CAUSA,Deficiencia nutricional / vitamínica,IV,"ENFERMEDADES ENDOCRINAS, NUTRICIONALES Y METABOLICAS",4
E66,OBESIDAD,COMORBILIDAD,Obesidad,IV,"ENFERMEDADES ENDOCRINAS, NUTRICIONALES Y METABOLICAS",3
E660,OBESIDAD DEBIDA A EXCESO DE CALORÍAS,COMORBILIDAD,Obesidad,IV,"ENFERMEDADES ENDOCRINAS, NUTRICIONALES Y METABOLICAS",4
E661,OBESIDAD INDUCIDA POR DROGAS,COMORBILIDAD,Obesidad,IV,"ENFERMEDADES ENDOCRINAS, NUTRICIONALES Y METABOLICAS",4
E662,OBESIDAD EXTREMA CON HIPOVENTILACIÓN ALVEOLAR,COMORBILIDAD,Obesidad,IV,"ENFERMEDADES ENDOCRINAS, NUTRICIONALES Y METABOLICAS",4
E668,OTROS TIPOS DE OBESIDAD,COMORBILIDAD,Obesidad,IV,"ENFERMEDADES ENDOCRINAS, NUTRICIONALES Y METABOLICAS",4
E669,"OBESIDAD, NO ESPECIFICADA",COMORBILIDAD,Obesidad,IV,"ENFERMEDADES ENDOCRINAS, NUTRICIONALES Y METABOLICAS",4
E78,TRASTORNOS DEL METABOLISMO DE LAS LIPOPROTEÍNAS Y OTRAS LIPIDEMIAS,COMORBILIDAD,Dislipidemia,IV,"ENFERMEDADES ENDOCRINAS, NUTRICIONALES Y METABOLICAS",3
E780,HIPERCOLESTEROLEMIA PURA,COMORBILIDAD,Dislipidemia,IV,"ENFERMEDADES ENDOCRINAS, NUTRICIONALES Y METABOLICAS",4
E781,HIPERGLICERIDEMIA PURA,COMORBILIDAD,Dislipidemia,IV,"ENFERMEDADES ENDOCRINAS, NUTRICIONALES Y METABOLICAS",4
E782,HIPERLIPIDEMIA MIXTA,COMORBILIDAD,Dislipidemia,IV,"ENFERMEDADES ENDOCRINAS, NUTRICIONALES Y METABOLICAS",4
E783,HIPERQUILOMICRONEMIA,COMORBILIDAD,Dislipidemia,IV,"ENFERMEDADES ENDOCRINAS, NUTRICIONALES Y METABOLICAS",4
E784,OTRA HIPERLIPIDEMIA,COMORBILIDAD,Dislipidemia,IV,"ENFERMEDADES ENDOCRINAS, NUTRICIONALES Y METABOLICAS",4
E785,HIPERLIPIDEMIA NO ESPECIFICADA,COMORBILIDAD,Dislipidemia,IV,"ENFERMEDADES ENDOCRINAS, NUTRICIONALES Y METABOLICAS",4
E786,DEFICIENCIA DE LIPOPROTEÍNAS,COMORBILIDAD,Dislipidemia,IV,"ENFERMEDADES ENDOCRINAS, NUTRICIONALES Y METABOLICAS",4
E788,OTROS TRASTORNOS DEL METABOLISMO DE LAS LIPOPROTEÍNAS,COMORBILIDAD,Dislipidemia,IV,"ENFERMEDADES ENDOCRINAS, NUTRICIONALES Y METABOLICAS",4
E789,"TRASTORNO DEL METABOLISMO DE LAS LIPOPROTEÍNAS, NO ESPECIFICADO",COMORBILIDAD,Dislipidemia,IV,"ENFERMEDADES ENDOCRINAS, NUTRICIONALES Y METABOLICAS",4
F17,TRASTORNOS MENTALES Y DEL COMPORTAMIENTO DEBIDOS AL USO DE TABACO,COMORBILIDAD,Tabaquismo,V,TRASTORNOS MENTALES Y DEL COMPORTAMIENTO,3
F170,"TRASTORNOS MENTALES Y DEL COMPORTAMIENTO DEBIDOS AL USO DE TABACO, INTOXICACIÓN AGUDA",COMORBILIDAD,Tabaquismo,V,TRASTORNOS MENTALES Y DEL COMPORTAMIENTO,4
F171,"TRASTORNOS MENTALES Y DEL COMPORTAMIENTO DEBIDOS AL USO DE TABACO, USO NOCIVO",COMORBILIDAD,Tabaquismo,V,TRASTORNOS MENTALES Y DEL COMPORTAMIENTO,4
F172,"TRASTORNOS MENTALES Y DEL COMPORTAMIENTO DEBIDOS AL USO DE TABACO, SÍNDROME DE DEPENDENCIA",COMORBILIDAD,Tabaquismo,V,TRASTORNOS MENTALES Y DEL COMPORTAMIENTO,4
F173,"TRASTORNOS MENTALES Y DEL COMPORTAMIENTO DEBIDOS AL USO DE TABACO, ESTADO DE ABSTINENCIA",COMORBILIDAD,Tabaquismo,V,TRASTORNOS MENTALES Y DEL COMPORTAMIENTO,4
F174,"TRASTORNOS MENTALES Y DEL COMPORTAMIENTO DEBIDOS AL USO DE TABACO, ESTADO DE ABSTINENCIA CON DELIRIO",COMORBILIDAD,Tabaquismo,V,TRASTORNOS MENTALES Y DEL COMPORTAMIENTO,4
F175,"TRASTORNOS MENTALES Y DEL COMPORTAMIENTO DEBIDOS AL USO DE TABACO, TRASTORNO PSICÓTICO",COMORBILIDAD,Tabaquismo,V,TRASTORNOS MENTALES Y DEL COMPORTAMIENTO,4
F176,"TRASTORNOS MENTALES Y DEL COMPORTAMIENTO DEBIDOS AL USO DE TABACO, SÍNDROME AMNÉSICO",COMORBILIDAD,Tabaquismo,V,TRASTORNOS MENTALES Y DEL COMPORTAMIENTO,4
F177,"TRASTORNOS MENTALES Y DEL COMPORTAMIENTO DEBIDOS AL USO DE TABACO, TRASTORNO PSICÓTICO RESIDUAL Y DE COMIENZO TARDIO",COMORBILIDAD,Tabaquismo,V,TRASTORNOS MENTALES Y DEL COMPORTAMIENTO,4
F178,"TRASTORNOS MENTALES Y DEL COMPORTAMIENTO DEBIDOS AL USO DE TABACO, OTROS TRASTORNOS MENTALES Y DEL COMPORTAMIENTO",COMORBILIDAD,Tabaquismo,V,TRASTORNOS MENTALES Y DEL COMPORTAMIENTO,4
F179,"TRASTORNOS MENTALES Y DEL COMPORTAMIENTO DEBIDOS AL USO DE TABACO, TRASTORNO MENTAL Y DEL COMPORTAMIENTO, NO ESPECIFICADO",COMORBILIDAD,Tabaquismo,V,TRASTORNOS MENTALES Y DEL COMPORTAMIENTO,4
G35X,ESCLEROSIS MÚLTIPLE,CAUSA,Esclerosis múltiple (inmovilidad),VI,ENFERMEDADES DEL SISTEMA NERVIOSO,4
G60,NEUROPATÍA HEREDITARIA E IDIOPÁTICA,CAUSA,Polineuropatía / neuropatía periférica,VI,ENFERMEDADES DEL SISTEMA NERVIOSO,3
G600,NEUROPATÍA HEREDITARIA MOTORA Y SENSORIAL,CAUSA,Polineuropatía / neuropatía periférica,VI,ENFERMEDADES DEL SISTEMA NERVIOSO,4
G601,ENFERMEDAD DE REFSUM,CAUSA,Polineuropatía / neuropatía periférica,VI,ENFERMEDADES DEL SISTEMA NERVIOSO,4
G602,NEUROPATÍA ASOCIADA CON ATAXIA HEREDITARIA,CAUSA,Polineuropatía / neuropatía periférica,VI,ENFERMEDADES DEL SISTEMA NERVIOSO,4
G603,NEUROPATÍA PROGRESIVA IDIOPÁTICA,CAUSA,Polineuropatía / neuropatía periférica,VI,ENFERMEDADES DEL SISTEMA NERVIOSO,4
G608,OTRAS NEUROPATÍAS HEREDITARIAS E IDIOPÁTICAS,CAUSA,Polineuropatía / neuropatía periférica,VI,ENFERMEDADES DEL SISTEMA NERVIOSO,4
G609,"NEUROPATÍA HEREDITARIA E IDIOPÁTICA, SIN OTRA ESPECIFICACIÓN",CAUSA,Polineuropatía / neuropatía periférica,VI,ENFERMEDADES DEL SISTEMA NERVIOSO,4
G61,POLINEUOPATÍA INFLAMATORIA,CAUSA,Polineuropatía / neuropatía periférica,VI,ENFERMEDADES DEL SISTEMA NERVIOSO,3
G610,SÍNDROME DE GUILLAIN-BARRÉ,CAUSA,Polineuropatía / neuropatía periférica,VI,ENFERMEDADES DEL SISTEMA NERVIOSO,4
G611,NEUROPATÍA AL SUERO,CAUSA,Polineuropatía / neuropatía periférica,VI,ENFERMEDADES DEL SISTEMA NERVIOSO,4
G618,OTRAS POLINEUROPATÍAS INFLAMATORIAS,CAUSA,Polineuropatía / neuropatía periférica,VI,ENFERMEDADES DEL SISTEMA NERVIOSO,4
G619,"POLINEUROPATÍA INFLAMATORIA, NO ESPECIFICADA",CAUSA,Polineuropatía / neuropatía periférica,VI,ENFERMEDADES DEL SISTEMA NERVIOSO,4
G62,OTRAS POLINEUROPATÍAS,CAUSA,Polineuropatía / neuropatía periférica,VI,ENFERMEDADES DEL SISTEMA NERVIOSO,3
G620,POLINEUROPATÍA INDUCIDA POR DROGAS,CAUSA,Polineuropatía / neuropatía periférica,VI,ENFERMEDADES DEL SISTEMA NERVIOSO,4
G621,POLINEUROPATÍA ALCOHÓLICA,CAUSA,Polineuropatía / neuropatía periférica,VI,ENFERMEDADES DEL SISTEMA NERVIOSO,4
G622,POLINEUROPATÍA DEBIDA A OTRO AGENTE TÓXICO,CAUSA,Polineuropatía / neuropatía periférica,VI,ENFERMEDADES DEL SISTEMA NERVIOSO,4
G628,OTRAS POLINEUROPATÍAS ESPECIFICADAS,CAUSA,Polineuropatía / neuropatía periférica,VI,ENFERMEDADES DEL SISTEMA NERVIOSO,4
G629,"POLINEUROPATÍA, NO ESPECIFICADA",CAUSA,Polineuropatía / neuropatía periférica,VI,ENFERMEDADES DEL SISTEMA NERVIOSO,4
G63,POLINEUROPATÍAS EN ENFERMEDADES CLASIFICADAS EN OTRA PARTE,CAUSA,Polineuropatía / neuropatía periférica,VI,ENFERMEDADES DEL SISTEMA NERVIOSO,3
G630,POLINEUROPATÍA EN ENFERMEDADES INFECCIOSAS Y PARASITARIAS CLASIFICADAS EN OTRA PARTE,CAUSA,Polineuropatía / neuropatía periférica,VI,ENFERMEDADES DEL SISTEMA NERVIOSO,4
G631,POLINEUROPATÍA EN ENFERMEDAD NEOPLÁSICA,CAUSA,Polineuropatía / neuropatía periférica,VI,ENFERMEDADES DEL SISTEMA NERVIOSO,4
G632,POLINEUROPATÍA DIABÉTICA,CAUSA,Polineuropatía / neuropatía periférica,VI,ENFERMEDADES DEL SISTEMA NERVIOSO,4
G633,POLINEUROPATÍA EN OTRAS ENFERMEDADES ENDOCRINAS Y METABÓLICAS,CAUSA,Polineuropatía / neuropatía periférica,VI,ENFERMEDADES DEL SISTEMA NERVIOSO,4
G634,POLINEUROPATÍA EN DEFICIENCIA NUTRICIONAL,CAUSA,Polineuropatía / neuropatía periférica,VI,ENFERMEDADES DEL SISTEMA NERVIOSO,4
G635,POLINEUROPATÍA EN TRASTORNOS DEL TEJIDO CONECTIVO SISTÉMICO,CAUSA,Polineuropatía / neuropatía periférica,VI,ENFERMEDADES DEL SISTEMA NERVIOSO,4
G636,POLINEUROPATÍA EN OTROS TRASTORNOS OSTEOMUSCULARES,CAUSA,Polineuropatía / neuropatía periférica,VI,ENFERMEDADES DEL SISTEMA NERVIOSO,4
G638,POLINEUROPATÍA EN OTRAS ENFERMEDADES CLASIFICADAS EN OTRA PARTE,CAUSA,Polineuropatía / neuropatía periférica,VI,ENFERMEDADES DEL SISTEMA NERVIOSO,4
G64X,OTROS TRASTORNOS DEL SISTEMA NERVIOSO PERIFÉRICO,CAUSA,Polineuropatía / neuropatía periférica,VI,ENFERMEDADES DEL SISTEMA NERVIOSO,4
G80,PARÁLISIS CEREBRAL,CAUSA,Parálisis / inmovilidad (riesgo úlcera por presión),VI,ENFERMEDADES DEL SISTEMA NERVIOSO,3
G800,PARÁLISIS CEREBRAL ESPÁSTICA CUADRIPLÉJICA,CAUSA,Parálisis / inmovilidad (riesgo úlcera por presión),VI,ENFERMEDADES DEL SISTEMA NERVIOSO,4
G801,PARÁLISIS CEREBRAL ESPÁSTICA DIPLÉJICA,CAUSA,Parálisis / inmovilidad (riesgo úlcera por presión),VI,ENFERMEDADES DEL SISTEMA NERVIOSO,4
G802,PARÁLISIS CEREBRAL ESPÁSTICA HEMIPLÉJICA,CAUSA,Parálisis / inmovilidad (riesgo úlcera por presión),VI,ENFERMEDADES DEL SISTEMA NERVIOSO,4
G803,PARÁLISIS CEREBRAL DISCINÉTICA,CAUSA,Parálisis / inmovilidad (riesgo úlcera por presión),VI,ENFERMEDADES DEL SISTEMA NERVIOSO,4
G804,PARÁLISIS CEREBRAL ATÁXICA,CAUSA,Parálisis / inmovilidad (riesgo úlcera por presión),VI,ENFERMEDADES DEL SISTEMA NERVIOSO,4
G808,OTROS TIPOS DE PARÁLISIS CEREBRAL,CAUSA,Parálisis / inmovilidad (riesgo úlcera por presión),VI,ENFERMEDADES DEL SISTEMA NERVIOSO,4
G809,"PARÁLISIS CEREBRAL, SIN OTRA ESPECIFICACIÓN",CAUSA,Parálisis / inmovilidad (riesgo úlcera por presión),VI,ENFERMEDADES DEL SISTEMA NERVIOSO,4
G81,HEMIPLEJÍA,CAUSA,Parálisis / inmovilidad (riesgo úlcera por presión),VI,ENFERMEDADES DEL SISTEMA NERVIOSO,3
G810,HEMIPLEJÍA FLÁCIDA,CAUSA,Parálisis / inmovilidad (riesgo úlcera por presión),VI,ENFERMEDADES DEL SISTEMA NERVIOSO,4
G811,HEMIPLEJÍA ESPÁSTICA,CAUSA,Parálisis / inmovilidad (riesgo úlcera por presión),VI,ENFERMEDADES DEL SISTEMA NERVIOSO,4
G819,"HEMIPLEJÍA, NO ESPECIFICADA",CAUSA,Parálisis / inmovilidad (riesgo úlcera por presión),VI,ENFERMEDADES DEL SISTEMA NERVIOSO,4
G82,PARAPLEJÍA Y CUADRIPLEJÍA,CAUSA,Parálisis / inmovilidad (riesgo úlcera por presión),VI,ENFERMEDADES DEL SISTEMA NERVIOSO,3
G820,PARAPLEJÍA FLÁCIDA,CAUSA,Parálisis / inmovilidad (riesgo úlcera por presión),VI,ENFERMEDADES DEL SISTEMA NERVIOSO,4
G821,PARAPLEJÍA ESPÁSTICA,CAUSA,Parálisis / inmovilidad (riesgo úlcera por presión),VI,ENFERMEDADES DEL SISTEMA NERVIOSO,4
G822,"PARAPLEJÍA, NO ESPECIFICADA",CAUSA,Parálisis / inmovilidad (riesgo úlcera por presión),VI,ENFERMEDADES DEL SISTEMA NERVIOSO,4
G823,CUADRIPLEJÍA FLÁCIDA,CAUSA,Parálisis / inmovilidad (riesgo úlcera por presión),VI,ENFERMEDADES DEL SISTEMA NERVIOSO,4
G824,CUADRIPLEJÍA ESPÁSTICA,CAUSA,Parálisis / inmovilidad (riesgo úlcera por presión),VI,ENFERMEDADES DEL SISTEMA NERVIOSO,4
G825,"CUADRIPLEJÍA, NO ESPECIFICADA",CAUSA,Parálisis / inmovilidad (riesgo úlcera por presión),VI,ENFERMEDADES DEL SISTEMA NERVIOSO,4
G83,OTROS SÍNDROMES PARALÍTICOS,CAUSA,Parálisis / inmovilidad (riesgo úlcera por presión),VI,ENFERMEDADES DEL SISTEMA NERVIOSO,3
G830,DIPLEJÍA DE LOS MIEMBROS SUPERIORES,CAUSA,Parálisis / inmovilidad (riesgo úlcera por presión),VI,ENFERMEDADES DEL SISTEMA NERVIOSO,4
G831,MONOPLEJÍA DE MIEMBRO INFERIOR,CAUSA,Parálisis / inmovilidad (riesgo úlcera por presión),VI,ENFERMEDADES DEL SISTEMA NERVIOSO,4
G832,MONOPLEJÍA DE MIEMBRO SUPERIOR,CAUSA,Parálisis / inmovilidad (riesgo úlcera por presión),VI,ENFERMEDADES DEL SISTEMA NERVIOSO,4
G833,"MONOPLEJÍA, NO ESPECIFICADA",CAUSA,Parálisis / inmovilidad (riesgo úlcera por presión),VI,ENFERMEDADES DEL SISTEMA NERVIOSO,4
G834,SÍNDROME DE LA COLA DE CABALLO,CAUSA,Parálisis / inmovilidad (riesgo úlcera por presión),VI,ENFERMEDADES DEL SISTEMA NERVIOSO,4
G835,SÍNDROME DE ENCLAUSTRAMIENTO,CAUSA,Parálisis / inmovilidad (riesgo úlcera por presión),VI,ENFERMEDADES DEL SISTEMA NERVIOSO,4
G836,PARÁLISIS FACIAL DE NEURONA MOTORA SUPERIOR,CAUSA,Parálisis / inmovilidad (riesgo úlcera por presión),VI,ENFERMEDADES DEL SISTEMA NERVIOSO,4
G838,OTROS SÍNDROMES PARALÍTICOS ESPECIFICADOS,CAUSA,Parálisis / inmovilidad (riesgo úlcera por presión),VI,ENFERMEDADES DEL SISTEMA NERVIOSO,4
G839,"SÍNDROME PARALÍTICO, NO ESPECIFICADO",CAUSA,Parálisis / inmovilidad (riesgo úlcera por presión),VI,ENFERMEDADES DEL SISTEMA NERVIOSO,4
I10X,HIPERTENSIÓN ESENCIAL (PRIMARIA),COMORBILIDAD,Hipertensión arterial,IX,ENFERMEDADES DEL SISTEMA CIRCULATORIO,4
I11,ENFERMEDAD CARDÍACA HIPERTENSIVA,COMORBILIDAD,Hipertensión arterial,IX,ENFERMEDADES DEL SISTEMA CIRCULATORIO,3
I110,ENFERMEDAD CARDÍACA HIPERTENSIVA CON INSUFICIENCIA CARDÍACA (CONGESTIVA),COMORBILIDAD,Hipertensión arterial,IX,ENFERMEDADES DEL SISTEMA CIRCULATORIO,4
I119,ENFERMEDAD CARDÍACA HIPERTENSIVA SIN INSUFICIENCIA CARDÍACA (CONGESTIVA),COMORBILIDAD,Hipertensión arterial,IX,ENFERMEDADES DEL SISTEMA CIRCULATORIO,4
I12,ENFERMEDAD RENAL HIPERTENSIVA,COMORBILIDAD,Hipertensión arterial,IX,ENFERMEDADES DEL SISTEMA CIRCULATORIO,3
I120,ENFERMEDAD RENAL HIPERTENSIVA CON INSUFICIENCIA RENAL,COMORBILIDAD,Hipertensión arterial,IX,ENFERMEDADES DEL SISTEMA CIRCULATORIO,4
I129,ENFERMEDAD RENAL HIPERTENSIVA SIN INSUFICIENCIA RENAL,COMORBILIDAD,Hipertensión arterial,IX,ENFERMEDADES DEL SISTEMA CIRCULATORIO,4
I13,ENFERMEDAD CARDIORRENAL HIPERTENSIVA,COMORBILIDAD,Hipertensión arterial,IX,ENFERMEDADES DEL SISTEMA CIRCULATORIO,3
I130,ENFERMEDAD CARDIORRENAL HIPERTENSIVA CON INSUFICIENCIA CARDÍACA (CONGESTIVA),COMORBILIDAD,Hipertensión arterial,IX,ENFERMEDADES DEL SISTEMA CIRCULATORIO,4
I131,ENFERMEDAD CARDIORRENAL HIPERTENSIVA CON INSUFICIENCIA RENAL,COMORBILIDAD,Hipertensión arterial,IX,ENFERMEDADES DEL SISTEMA CIRCULATORIO,4
I132,ENFERMEDAD CARDIORRENAL HIPERTENSIVA CON INSUFICIENCIA CARDÍACA (CONGESTIVA) E INSUFICIENCIA RENAL,COMORBILIDAD,Hipertensión arterial,IX,ENFERMEDADES DEL SISTEMA CIRCULATORIO,4
I139,"ENFERMEDAD CARDIORRENAL HIPERTENSIVA, NO ESPECIFICADA",COMORBILIDAD,Hipertensión arterial,IX,ENFERMEDADES DEL SISTEMA CIRCULATORIO,4
I15,HIPERTENSIÓN SECUNDARIA,COMORBILIDAD,Hipertensión arterial,IX,ENFERMEDADES DEL SISTEMA CIRCULATORIO,3
I150,HIPERTENSIÓN RENOVASCULAR,COMORBILIDAD,Hipertensión arterial,IX,ENFERMEDADES DEL SISTEMA CIRCULATORIO,4
I151,HIPERTENSIÓN SECUNDARIA A OTROS TRASTORNOS RENALES,COMORBILIDAD,Hipertensión arterial,IX,ENFERMEDADES DEL SISTEMA CIRCULATORIO,4
I152,HIPERTENSIÓN SECUNDARIA A TRASTORNOS ENDOCRINOS,COMORBILIDAD,Hipertensión arterial,IX,ENFERMEDADES DEL SISTEMA CIRCULATORIO,4
I158,OTROS TIPOS DE HIPERTENSIÓN SECUNDARIA,COMORBILIDAD,Hipertensión arterial,IX,ENFERMEDADES DEL SISTEMA CIRCULATORIO,4
I159,"HIPERTENSIÓN SECUNDARIA, NO ESPECIFICADA",COMORBILIDAD,Hipertensión arterial,IX,ENFERMEDADES DEL SISTEMA CIRCULATORIO,4
I20,ANGINA DE PECHO,COMORBILIDAD,Cardiopatía isquémica,IX,ENFERMEDADES DEL SISTEMA CIRCULATORIO,3
I200,ANGINA INESTABLE,COMORBILIDAD,Cardiopatía isquémica,IX,ENFERMEDADES DEL SISTEMA CIRCULATORIO,4
I201,ANGINA DE PECHO CON ESPASMO DOCUMENTADO,COMORBILIDAD,Cardiopatía isquémica,IX,ENFERMEDADES DEL SISTEMA CIRCULATORIO,4
I208,OTRAS FORMAS ESPECIFICADAS DE ANGINA DE PECHO,COMORBILIDAD,Cardiopatía isquémica,IX,ENFERMEDADES DEL SISTEMA CIRCULATORIO,4
I209,"ANGINA DE PECHO, NO ESPECIFICADA",COMORBILIDAD,Cardiopatía isquémica,IX,ENFERMEDADES DEL SISTEMA CIRCULATORIO,4
I21,INFARTO AGUDO DEL MIOCARDIO,COMORBILIDAD,Cardiopatía isquémica,IX,ENFERMEDADES DEL SISTEMA CIRCULATORIO,3
I210,INFARTO TRANSMURAL AGUDO DEL MIOCARDIO DE LA PARED ANTERIOR,COMORBILIDAD,Cardiopatía isquémica,IX,ENFERMEDADES DEL SISTEMA CIRCULATORIO,4
I211,INFARTO TRANSMURAL AGUDO DEL MIOCARDIO DE LA PARED INFERIOR,COMORBILIDAD,Cardiopatía isquémica,IX,ENFERMEDADES DEL SISTEMA CIRCULATORIO,4
I212,INFARTO AGUDO TRANSMURAL DEL MIOCARDIO DE OTROS SITIOS,COMORBILIDAD,Cardiopatía isquémica,IX,ENFERMEDADES DEL SISTEMA CIRCULATORIO,4
I213,"INFARTO TRANSMURAL AGUDO DEL MIOCARDIO, DE SITIO NO ESPECIFICADO",COMORBILIDAD,Cardiopatía isquémica,IX,ENFERMEDADES DEL SISTEMA CIRCULATORIO,4
I214,INFARTO SUBENDOCÁRDICO AGUDO DEL MIOCARDIO,COMORBILIDAD,Cardiopatía isquémica,IX,ENFERMEDADES DEL SISTEMA CIRCULATORIO,4
I219,"INFARTO AGUDO DEL MIOCARDIO, SIN OTRA ESPECIFICACIÓN",COMORBILIDAD,Cardiopatía isquémica,IX,ENFERMEDADES DEL SISTEMA CIRCULATORIO,4
I22,INFARTO SUBSECUENTE DEL MIOCARDIO,COMORBILIDAD,Cardiopatía isquémica,IX,ENFERMEDADES DEL SISTEMA CIRCULATORIO,3
I220,INFARTO SUBSECUENTE DEL MIOCARDIO DE LA PARED ANTERIOR,COMORBILIDAD,Cardiopatía isquémica,IX,ENFERMEDADES DEL SISTEMA CIRCULATORIO,4
I221,INFARTO SUBSECUENTE DEL MIOCARDIO DE LA PARED INFERIOR,COMORBILIDAD,Cardiopatía isquémica,IX,ENFERMEDADES DEL SISTEMA CIRCULATORIO,4
I228,INFARTO SUBSECUENTE DEL MIOCARDIO DE OTROS SITIOS,COMORBILIDAD,Cardiopatía isquémica,IX,ENFERMEDADES DEL SISTEMA CIRCULATORIO,4
I229,"INFARTO SUBSECUENTE DEL MIOCARDIO, DE PARTE NO ESPECIFICADA",COMORBILIDAD,Cardiopatía isquémica,IX,ENFERMEDADES DEL SISTEMA CIRCULATORIO,4
I23,CIERTAS COMPLICACIONES PRESENTES POSTERIORES AL INFARTO AGUDO DEL MIOCARDIO,COMORBILIDAD,Cardiopatía isquémica,IX,ENFERMEDADES DEL SISTEMA CIRCULATORIO,3
I230,HEMOPERICARDIO COMO COMPLICACIÓN PRESENTE POSTERIOR AL INFARTO AGUDO DEL MIOCARDIO,COMORBILIDAD,Cardiopatía isquémica,IX,ENFERMEDADES DEL SISTEMA CIRCULATORIO,4
I231,DEFECTO DEL TABIQUE AURICULAR COMO COMPLICACIÓN PRESENTE POSTERIOR AL INFARTO DEL MIOCARDIO,COMORBILIDAD,Cardiopatía isquémica,IX,ENFERMEDADES DEL SISTEMA CIRCULATORIO,4
I232,DEFECTO DEL TABIQUE VENTRICULAR COMO COMPLICACIÓN PRESENTE POSTERIOR AL INFARTO DEL MIOCARDIO,COMORBILIDAD,Cardiopatía isquémica,IX,ENFERMEDADES DEL SISTEMA CIRCULATORIO,4
I233,RUPTURA DE LA PARED CARDÍACA SIN HEMOPERICARDIO COMO COMPLICACIÓN PRESENTE POSTERIOR AL INFARTO AGUDO DEL MIOCARDIO,COMORBILIDAD,Cardiopatía isquémica,IX,ENFERMEDADES DEL SISTEMA CIRCULATORIO,4
I234,RUPTURA DE LAS CUERDAS TENDINOSAS COMO COMPLICACIÓN PRESENTE POSTERIOR AL INFARTO AGUDO DEL MIOCARDIO,COMORBILIDAD,Cardiopatía isquémica,IX,ENFERMEDADES DEL SISTEMA CIRCULATORIO,4
I235,RUPTURA DE MÚSCULO PAPILAR COMO COMPLICACIÓN PRESENTE POSTERIOR AL INFARTO AGUDO DEL MIOCARDIO,COMORBILIDAD,Cardiopatía isquémica,IX,ENFERMEDADES DEL SISTEMA CIRCULATORIO,4
I236,"TROMBOSIS DE LA AURÍCULA, APÉNDICE AURICULAR Y VENTRÍCULO COMO COMPLICACIÓN PRESENTE POSTERIOR AL INFARTO AGUDO DEL MIOCARDIO",COMORBILIDAD,Cardiopatía isquémica,IX,ENFERMEDADES DEL SISTEMA CIRCULATORIO,4
I238,OTRAS COMPLICACIONES PRESENTES POSTERIORES AL INFARTO AGUDO DEL MIOCARDIO,COMORBILIDAD,Cardiopatía isquémica,IX,ENFERMEDADES DEL SISTEMA CIRCULATORIO,4
I24,OTRAS ENFERMEDADES ISQUÉMICAS AGUDAS DEL CORAZÓN,COMORBILIDAD,Cardiopatía isquémica,IX,ENFERMEDADES DEL SISTEMA CIRCULATORIO,3
I240,TROMBOSIS CORONARIA QUE NO RESULTA EN INFARTO DEL MIOCARDIO,COMORBILIDAD,Cardiopatía isquémica,IX,ENFERMEDADES DEL SISTEMA CIRCULATORIO,4
I241,SÍNDROME DE DRESSLER,COMORBILIDAD,Cardiopatía isquémica,IX,ENFERMEDADES DEL SISTEMA CIRCULATORIO,4
I248,OTRAS FORMAS DE ENFERMEDAD ISQUÉMICA AGUDA DEL CORAZÓN,COMORBILIDAD,Cardiopatía isquémica,IX,ENFERMEDADES DEL SISTEMA CIRCULATORIO,4
I249,"ENFERMEDAD ISQUÉMICA AGUDA DEL CORAZÓN, NO ESPECIFICADA",COMORBILIDAD,Cardiopatía isquémica,IX,ENFERMEDADES DEL SISTEMA CIRCULATORIO,4
I25,ENFERMEDAD ISQUÉMICA CRÓNICA DEL CORAZÓN,COMORBILIDAD,Cardiopatía isquémica,IX,ENFERMEDADES DEL SISTEMA CIRCULATORIO,3
I250,"ENFERMEDAD CARDIOVASCULAR ATEROSCLERÓTICA, ASÍ DESCRITA",COMORBILIDAD,Cardiopatía isquémica,IX,ENFERMEDADES DEL SISTEMA CIRCULATORIO,4
I251,ENFERMEDAD ATEROSCLERÓTICA DEL CORAZÓN,COMORBILIDAD,Cardiopatía isquémica,IX,ENFERMEDADES DEL SISTEMA CIRCULATORIO,4
I252,INFARTO ANTIGUO DEL MIOCARDIO,COMORBILIDAD,Cardiopatía isquémica,IX,ENFERMEDADES DEL SISTEMA CIRCULATORIO,4
I253,ANEURISMA CARDÍACO,COMORBILIDAD,Cardiopatía isquémica,IX,ENFERMEDADES DEL SISTEMA CIRCULATORIO,4
I254,ANEURISMA DE ARTERIA CORONARIA,COMORBILIDAD,Cardiopatía isquémica,IX,ENFERMEDADES DEL SISTEMA CIRCULATORIO,4
I255,CARDIOMIOPATÍA ISQUÉMICA,COMORBILIDAD,Cardiopatía isquémica,IX,ENFERMEDADES DEL SISTEMA CIRCULATORIO,4
I256,ISQUEMIA SILENTE DEL MIOCARDIO,COMORBILIDAD,Cardiopatía isquémica,IX,ENFERMEDADES DEL SISTEMA CIRCULATORIO,4
I258,OTRAS FORMAS DE ENFERMEDAD ISQUÉMICA CRÓNICA DEL CORAZÓN,COMORBILIDAD,Cardiopatía isquémica,IX,ENFERMEDADES DEL SISTEMA CIRCULATORIO,4
I259,"ENFERMEDAD ISQUÉMICA CRÓNICA DEL CORAZÓN, NO ESPECIFICADA",COMORBILIDAD,Cardiopatía isquémica,IX,ENFERMEDADES DEL SISTEMA CIRCULATORIO,4
I50,INSUFICIENCIA CARDÍACA,COMORBILIDAD,Insuficiencia cardíaca,IX,ENFERMEDADES DEL SISTEMA CIRCULATORIO,3
I500,INSUFICIENCIA CARDÍACA CONGESTIVA,COMORBILIDAD,Insuficiencia cardíaca,IX,ENFERMEDADES DEL SISTEMA CIRCULATORIO,4
I501,INSUFICIENCIA VENTRICULAR IZQUIERDA,COMORBILIDAD,Insuficiencia cardíaca,IX,ENFERMEDADES DEL SISTEMA CIRCULATORIO,4
I509,"INSUFICIENCIA CARDÍACA, NO ESPECIFICADA",COMORBILIDAD,Insuficiencia cardíaca,IX,ENFERMEDADES DEL SISTEMA CIRCULATORIO,4
I70,ATEROSCLEROSIS,CAUSA,Aterosclerosis,IX,ENFERMEDADES DEL SISTEMA CIRCULATORIO,3
I700,ATEROSCLEROSIS DE LA AORTA,CAUSA,Aterosclerosis,IX,ENFERMEDADES DEL SISTEMA CIRCULATORIO,4
I701,ATEROSCLEROSIS DE LA ARTERIA RENAL,CAUSA,Aterosclerosis,IX,ENFERMEDADES DEL SISTEMA CIRCULATORIO,4
I702,ATEROSCLEROSIS DE LAS ARTERIAS DE LOS MIEMBROS,CAUSA,Aterosclerosis de extremidades (isquemia/gangrena),IX,ENFERMEDADES DEL SISTEMA CIRCULATORIO,4
I708,ATEROSCLEROSIS DE OTRAS ARTERIAS,CAUSA,Aterosclerosis,IX,ENFERMEDADES DEL SISTEMA CIRCULATORIO,4
I709,ATEROSCLEROSIS GENERALIZADA Y LA NO ESPECIFICADA,CAUSA,Aterosclerosis,IX,ENFERMEDADES DEL SISTEMA CIRCULATORIO,4
I73,OTRAS ENFERMEDADES VASCULARES PERIFÉRICAS,CAUSA,Enfermedad vascular periférica,IX,ENFERMEDADES DEL SISTEMA CIRCULATORIO,3
I730,SÍNDROME DE RAYNAUD,CAUSA,Enfermedad vascular periférica,IX,ENFERMEDADES DEL SISTEMA CIRCULATORIO,4
I731,TROMBOANGEÍTIS OBLITERANTE [BUERGER],CAUSA,Enfermedad vascular periférica,IX,ENFERMEDADES DEL SISTEMA CIRCULATORIO,4
I738,OTRAS ENFERMEDADES VASCULARES PERIFÉRICAS ESPECIFICADAS,CAUSA,Enfermedad vascular periférica,IX,ENFERMEDADES DEL SISTEMA CIRCULATORIO,4
I739,"ENFERMEDAD VASCULAR PERIFÉRICA, NO ESPECIFICADA",CAUSA,Enfermedad vascular periférica,IX,ENFERMEDADES DEL SISTEMA CIRCULATORIO,4
I77,OTROS TRASTORNOS ARTERIALES O ARTERIOLARES,CAUSA,Trastornos arteriales,IX,ENFERMEDADES DEL SISTEMA CIRCULATORIO,3
I770,"FÍSTULA ARTERIOVENOSA, ADQUIRIDA",CAUSA,Trastornos arteriales,IX,ENFERMEDADES DEL SISTEMA CIRCULATORIO,4
I771,ESTRECHEZ ARTERIAL,CAUSA,Trastornos arteriales,IX,ENFERMEDADES DEL SISTEMA CIRCULATORIO,4
I772,RUPTURA ARTERIAL,CAUSA,Trastornos arteriales,IX,ENFERMEDADES DEL SISTEMA CIRCULATORIO,4
I773,DISPLASIA FIBROMUSCULAR ARTERIAL,CAUSA,Trastornos arteriales,IX,ENFERMEDADES DEL SISTEMA CIRCULATORIO,4
I774,SÍNDROME DE COMPRESIÓN DEL TRONCO CELÍACO,CAUSA,Trastornos arteriales,IX,ENFERMEDADES DEL SISTEMA CIRCULATORIO,4
I775,NECROSIS ARTERIAL,CAUSA,Trastornos arteriales,IX,ENFERMEDADES DEL SISTEMA CIRCULATORIO,4
I776,"ARTERITIS, NO ESPECIFICADA",CAUSA,Trastornos arteriales,IX,ENFERMEDADES DEL SISTEMA CIRCULATORIO,4
I778,OTROS TRASTORNOS ESPECIFICADOS DE ARTERIAS Y ARTERIOLAS,CAUSA,Trastornos arteriales,IX,ENFERMEDADES DEL SISTEMA CIRCULATORIO,4
I779,"TRASTORNO DE ARTERIAS Y ARTERIOLAS, NO ESPECIFICADO",CAUSA,Trastornos arteriales,IX,ENFERMEDADES DEL SISTEMA CIRCULATORIO,4
I79,"TRASTORNOS DE LAS ARTERIAS, DE LAS ARTERIOLAS Y DE LOS VASOS CAPILARES EN ENFERMEDADES CLASIFICADAS EN OTRA PARTE",CAUSA,Trastornos arteriales,IX,ENFERMEDADES DEL SISTEMA CIRCULATORIO,3
I790,ANEURISMA DE LA AORTA EN ENFERMEDADES CLASIFICADAS EN OTRA PARTE,CAUSA,Trastornos arteriales,IX,ENFERMEDADES DEL SISTEMA CIRCULATORIO,4
I791,AORTITIS EN ENFERMEDADES CLASIFICADAS EN OTRA PARTE,CAUSA,Trastornos arteriales,IX,ENFERMEDADES DEL SISTEMA CIRCULATORIO,4
I792,ANGIOPATÍA PERIFÉRICA EN ENFERMEDADES CLASIFICADAS EN OTRA PARTE,CAUSA,Trastornos arteriales,IX,ENFERMEDADES DEL SISTEMA CIRCULATORIO,4
I798,"OTROS TRASTORNOS DE ARTERIAS, ARTERIOLAS Y VASOS CAPILARES EN ENFERMEDADES CLASIFICADAS EN OTRA PARTE",CAUSA,Trastornos arteriales,IX,ENFERMEDADES DEL SISTEMA CIRCULATORIO,4
I80,FLEBITIS Y TROMBOFLEBITIS,CAUSA,Trombosis / flebitis venosa,IX,ENFERMEDADES DEL SISTEMA CIRCULATORIO,3
I800,FLEBITIS Y TROMBOFLEBITIS DE VASOS SUPERFICIALES DE LOS MIEMBROS INFERIORES,CAUSA,Trombosis / flebitis venosa,IX,ENFERMEDADES DEL SISTEMA CIRCULATORIO,4
I801,FLEBITIS Y TROMBOFLEBITIS DE LA VENA FEMORAL,CAUSA,Trombosis / flebitis venosa,IX,ENFERMEDADES DEL SISTEMA CIRCULATORIO,4
I802,FLEBITIS Y TROMBOFLEBITIS DE OTROS VASOS PROFUNDOS DE LOS MIEMBROS INFERIORES,CAUSA,Trombosis / flebitis venosa,IX,ENFERMEDADES DEL SISTEMA CIRCULATORIO,4
I803,"FLEBITIS Y TROMBOFLEBITIS DE LOS MIEMBROS INFERIORES, NO ESPECIFICADA",CAUSA,Trombosis / flebitis venosa,IX,ENFERMEDADES DEL SISTEMA CIRCULATORIO,4
I808,FLEBITIS Y TROMBOFLEBITIS DE OTROS SITIOS,CAUSA,Trombosis / flebitis venosa,IX,ENFERMEDADES DEL SISTEMA CIRCULATORIO,4
I809,FLEBITIS Y TROMBOFLEBITIS DE SITIO NO ESPECIFICADO,CAUSA,Trombosis / flebitis venosa,IX,ENFERMEDADES DEL SISTEMA CIRCULATORIO,4
I81X,TROMBOSIS DE LA VENA PORTA,CAUSA,Trombosis / flebitis venosa,IX,ENFERMEDADES DEL SISTEMA CIRCULATORIO,4
I82,OTRAS EMBOLIAS Y TROMBOSIS VENOSAS,CAUSA,Trombosis / flebitis venosa,IX,ENFERMEDADES DEL SISTEMA CIRCULATORIO,3
I820,SÍNDROME DE BUDD-CHIARI,CAUSA,Trombosis / flebitis venosa,IX,ENFERMEDADES DEL SISTEMA CIRCULATORIO,4
I821,TROMBOFLEBITIS MIGRATORIA,CAUSA,Trombosis / flebitis venosa,IX,ENFERMEDADES DEL SISTEMA CIRCULATORIO,4
I822,EMBOLIA Y TROMBOSIS DE VENA CAVA,CAUSA,Trombosis / flebitis venosa,IX,ENFERMEDADES DEL SISTEMA CIRCULATORIO,4
I823,EMBOLIA Y TROMBOSIS DE VENA RENAL,CAUSA,Trombosis / flebitis venosa,IX,ENFERMEDADES DEL SISTEMA CIRCULATORIO,4
I828,EMBOLIA Y TROMBOSIS DE OTRAS VENAS ESPECIFICADAS,CAUSA,Trombosis / flebitis venosa,IX,ENFERMEDADES DEL SISTEMA CIRCULATORIO,4
I829,EMBOLIA Y TROMBOSIS DE VENA NO ESPECIFICADA,CAUSA,Trombosis / flebitis venosa,IX,ENFERMEDADES DEL SISTEMA CIRCULATORIO,4
I83,VENAS VARICOSAS DE LOS MIEMBROS INFERIORES,CAUSA,Várices de miembros inferiores,IX,ENFERMEDADES DEL SISTEMA CIRCULATORIO,3
I830,VENAS VARICOSAS DE LOS MIEMBROS INFERIORES CON ÚLCERA,HERIDA,Várices de MI con úlcera,IX,ENFERMEDADES DEL SISTEMA CIRCULATORIO,4
I831,VENAS VARICOSAS DE LOS MIEMBROS INFERIORES CON INFLAMACIÓN,CAUSA,Várices de miembros inferiores,IX,ENFERMEDADES DEL SISTEMA CIRCULATORIO,4
I832,VENAS VARICOSAS DE LOS MIEMBROS INFERIORES CON ÚLCERA E INFLAMACIÓN,HERIDA,Várices de MI con úlcera,IX,ENFERMEDADES DEL SISTEMA CIRCULATORIO,4
I839,VENAS VARICOSAS DE LOS MIEMBROS INFERIORES SIN ÚLCERA NI INFLAMACIÓN,CAUSA,Várices de miembros inferiores,IX,ENFERMEDADES DEL SISTEMA CIRCULATORIO,4
I87,OTROS TRASTORNOS DE LAS VENAS,CAUSA,Insuficiencia venosa crónica,IX,ENFERMEDADES DEL SISTEMA CIRCULATORIO,3
I870,SÍNDROME POSTROMBÓTICO,CAUSA,Insuficiencia venosa crónica,IX,ENFERMEDADES DEL SISTEMA CIRCULATORIO,4
I871,COMPRESIÓN DE VENA,CAUSA,Insuficiencia venosa crónica,IX,ENFERMEDADES DEL SISTEMA CIRCULATORIO,4
I872,INSUFICIENCIA VENOSA (CRÓNICA) (PERIFÉRICA),CAUSA,Insuficiencia venosa crónica,IX,ENFERMEDADES DEL SISTEMA CIRCULATORIO,4
I878,OTROS TRASTORNOS VENOSOS ESPECIFICADOS,CAUSA,Insuficiencia venosa crónica,IX,ENFERMEDADES DEL SISTEMA CIRCULATORIO,4
I879,"TRASTORNO VENOSO, NO ESPECIFICADO",CAUSA,Insuficiencia venosa crónica,IX,ENFERMEDADES DEL SISTEMA CIRCULATORIO,4
I89,OTROS TRASTORNOS NO INFECCIOSOS DE LOS VASOS Y GANGLIOS LINFÁTICOS,CAUSA,Trastornos linfáticos / linfedema,IX,ENFERMEDADES DEL SISTEMA CIRCULATORIO,3
I890,"LINFEDEMA, NO CLASIFICADO EN OTRA PARTE",CAUSA,Trastornos linfáticos / linfedema,IX,ENFERMEDADES DEL SISTEMA CIRCULATORIO,4
I891,LINFANGITIS,CAUSA,Trastornos linfáticos / linfedema,IX,ENFERMEDADES DEL SISTEMA CIRCULATORIO,4
I898,OTROS TRASTORNOS ESPECIFICADOS NO INFECCIOSOS DE LOS VASOS Y GANGLIOS LINFÁTICOS,CAUSA,Trastornos linfáticos / linfedema,IX,ENFERMEDADES DEL SISTEMA CIRCULATORIO,4
I899,"TRASTORNO NO INFECCIOSO DE VASOS Y GANGLIOS LINFÁTICOS, NO ESPECIFICADO",CAUSA,Trastornos linfáticos / linfedema,IX,ENFERMEDADES DEL SISTEMA CIRCULATORIO,4
I97,"TRASTORNOS DEL SISTEMA CIRCULATORIO CONSECUTIVOS A PROCEDIMIENTOS, NO CLASIFICADOS EN OTRA PARTE",CAUSA,Trastornos linfáticos / linfedema,IX,ENFERMEDADES DEL SISTEMA CIRCULATORIO,3
I970,SÍNDROME DE POSTCARDIOTOMÍA,CAUSA,Trastornos linfáticos / linfedema,IX,ENFERMEDADES DEL SISTEMA CIRCULATORIO,4
I971,OTRAS ALTERACIONES FUNCIONALES CONSECUTIVAS A CIRUGÍA CARDÍACA,CAUSA,Trastornos linfáticos / linfedema,IX,ENFERMEDADES DEL SISTEMA CIRCULATORIO,4
I972,SÍNDROME DE LINFEDEMA POSTMASTECTOMÍA,CAUSA,Trastornos linfáticos / linfedema,IX,ENFERMEDADES DEL SISTEMA CIRCULATORIO,4
I978,"OTROS TRASTORNOS DEL SISTEMA CIRCULATORIO CONSECUTIVOS A PROCEDIMIENTOS, NO CLASIFICADOS EN OTRA PARTE",CAUSA,Trastornos linfáticos / linfedema,IX,ENFERMEDADES DEL SISTEMA CIRCULATORIO,4
I979,TRASTORNO NO ESPECIFICADO DEL SISTEMA CIRCULATORIO CONSECUTIVO A PROCEDIMIENTOS,CAUSA,Trastornos linfáticos / linfedema,IX,ENFERMEDADES DEL SISTEMA CIRCULATORIO,4
J44,OTRAS ENFERMEDADES PULMONARES OBSTRUCTIVAS CRÓNICAS,COMORBILIDAD,EPOC,X,ENFERMEDADES DEL SISTEMA RESPIRATORIO,3
J440,ENFERMEDAD PULMONAR OBSTRUCTIVA CRÓNICA CON INFECCIÓN AGUDA DE LAS VÍAS RESPIRATORIAS INFERIORES,COMORBILIDAD,EPOC,X,ENFERMEDADES DEL SISTEMA RESPIRATORIO,4
J441,"ENFERMEDAD PULMONAR OBSTRUCTIVA CRÓNICA CON EXACERBACIÓN AGUDA, NO ESPECIFICADA",COMORBILIDAD,EPOC,X,ENFERMEDADES DEL SISTEMA RESPIRATORIO,4
J448,OTRAS ENFERMEDADES PULMONARES OBSTRUCTIVAS CRÓNICAS ESPECIFICADAS,COMORBILIDAD,EPOC,X,ENFERMEDADES DEL SISTEMA RESPIRATORIO,4
J449,"ENFERMEDAD PULMONAR OBSTRUCTIVA CRÓNICA, NO ESPECIFICADA",COMORBILIDAD,EPOC,X,ENFERMEDADES DEL SISTEMA RESPIRATORIO,4
L01,IMPÉTIGO,CONSECUENCIA,Infección cutánea / celulitis / absceso,XII,ENFERMEDADES DE LA PIEL Y DEL TEJIDO SUBCUTANEO,3
L010,IMPÉTIGO [CUALQUIER SITIO ANATÓMICO] [CUALQUIER ORGANISMO],CONSECUENCIA,Infección cutánea / celulitis / absceso,XII,ENFERMEDADES DE LA PIEL Y DEL TEJIDO SUBCUTANEO,4
L011,IMPETIGINIZACIÓN DE OTRAS DERMATOSIS,CONSECUENCIA,Infección cutánea / celulitis / absceso,XII,ENFERMEDADES DE LA PIEL Y DEL TEJIDO SUBCUTANEO,4
L02,"ABSCESO CUTÁNEO, FURÚNCULO Y ÁNTRAX",CONSECUENCIA,Infección cutánea / celulitis / absceso,XII,ENFERMEDADES DE LA PIEL Y DEL TEJIDO SUBCUTANEO,3
L020,"ABSCESO CUTÁNEO, FURÚNCULO Y ÁNTRAX DE LA CARA",CONSECUENCIA,Infección cutánea / celulitis / absceso,XII,ENFERMEDADES DE LA PIEL Y DEL TEJIDO SUBCUTANEO,4
L021,"ABSCESO CUTÁNEO, FURÚNCULO Y ÁNTRAX DEL CUELLO",CONSECUENCIA,Infección cutánea / celulitis / absceso,XII,ENFERMEDADES DE LA PIEL Y DEL TEJIDO SUBCUTANEO,4
L022,"ABSCESO CUTÁNEO, FURÚNCULO Y ÁNTRAX DEL TRONCO",CONSECUENCIA,Infección cutánea / celulitis / absceso,XII,ENFERMEDADES DE LA PIEL Y DEL TEJIDO SUBCUTANEO,4
L023,"ABSCESO CUTÁNEO, FURÚNCULO Y ÁNTRAX DE GLÚTEOS",CONSECUENCIA,Infección cutánea / celulitis / absceso,XII,ENFERMEDADES DE LA PIEL Y DEL TEJIDO SUBCUTANEO,4
L024,"ABSCESO CUTÁNEO, FURÚNCULO Y ÁNTRAX DE MIEMBRO",CONSECUENCIA,Infección cutánea / celulitis / absceso,XII,ENFERMEDADES DE LA PIEL Y DEL TEJIDO SUBCUTANEO,4
L028,"ABSCESO CUTÁNEO, FURÚNCULO Y ÁNTRAX DE OTROS SITIOS",CONSECUENCIA,Infección cutánea / celulitis / absceso,XII,ENFERMEDADES DE LA PIEL Y DEL TEJIDO SUBCUTANEO,4
L029,"ABSCESO CUTÁNEO, FURÚNCULO Y ÁNTRAX DE SITIO NO ESPECIFICADO",CONSECUENCIA,Infección cutánea / celulitis / absceso,XII,ENFERMEDADES DE LA PIEL Y DEL TEJIDO SUBCUTANEO,4
L03,CELULITIS,CONSECUENCIA,Infección cutánea / celulitis / absceso,XII,ENFERMEDADES DE LA PIEL Y DEL TEJIDO SUBCUTANEO,3
L030,CELULITIS DE LOS DEDOS DE LA MANO Y DEL PIE,CONSECUENCIA,Infección cutánea / celulitis / absceso,XII,ENFERMEDADES DE LA PIEL Y DEL TEJIDO SUBCUTANEO,4
L031,CELULITIS DE OTRAS PARTES DE LOS MIEMBROS,CONSECUENCIA,Infección cutánea / celulitis / absceso,XII,ENFERMEDADES DE LA PIEL Y DEL TEJIDO SUBCUTANEO,4
L032,CELULITIS DE LA CARA,CONSECUENCIA,Infección cutánea / celulitis / absceso,XII,ENFERMEDADES DE LA PIEL Y DEL TEJIDO SUBCUTANEO,4
L033,CELULITIS DEL TRONCO,CONSECUENCIA,Infección cutánea / celulitis / absceso,XII,ENFERMEDADES DE LA PIEL Y DEL TEJIDO SUBCUTANEO,4
L038,CELULITIS DE OTROS SITIOS,CONSECUENCIA,Infección cutánea / celulitis / absceso,XII,ENFERMEDADES DE LA PIEL Y DEL TEJIDO SUBCUTANEO,4
L039,CELULITIS DE SITIO NO ESPECIFICADO,CONSECUENCIA,Infección cutánea / celulitis / absceso,XII,ENFERMEDADES DE LA PIEL Y DEL TEJIDO SUBCUTANEO,4
L04,LINFADENITIS AGUDA,CONSECUENCIA,Infección cutánea / celulitis / absceso,XII,ENFERMEDADES DE LA PIEL Y DEL TEJIDO SUBCUTANEO,3
L040,"LINFADENITIS AGUDA DE CARA, CABEZA Y CUELLO",CONSECUENCIA,Infección cutánea / celulitis / absceso,XII,ENFERMEDADES DE LA PIEL Y DEL TEJIDO SUBCUTANEO,4
L041,LINFADENITIS AGUDA DEL TRONCO,CONSECUENCIA,Infección cutánea / celulitis / absceso,XII,ENFERMEDADES DE LA PIEL Y DEL TEJIDO SUBCUTANEO,4
L042,LINFADENITIS AGUDA DEL MIEMBRO SUPERIOR,CONSECUENCIA,Infección cutánea / celulitis / absceso,XII,ENFERMEDADES DE LA PIEL Y DEL TEJIDO SUBCUTANEO,4
L043,LINFADENITIS AGUDA DEL MIEMBRO INFERIOR,CONSECUENCIA,Infección cutánea / celulitis / absceso,XII,ENFERMEDADES DE LA PIEL Y DEL TEJIDO SUBCUTANEO,4
L048,LINFADENITIS AGUDA DE OTROS SITIOS,CONSECUENCIA,Infección cutánea / celulitis / absceso,XII,ENFERMEDADES DE LA PIEL Y DEL TEJIDO SUBCUTANEO,4
L049,LINFADENITIS AGUDA DE SITIO NO ESPECIFICADO,CONSECUENCIA,Infección cutánea / celulitis / absceso,XII,ENFERMEDADES DE LA PIEL Y DEL TEJIDO SUBCUTANEO,4
L05,QUISTE PILONIDAL,CONSECUENCIA,Infección cutánea / celulitis / absceso,XII,ENFERMEDADES DE LA PIEL Y DEL TEJIDO SUBCUTANEO,3
L050,QUISTE PILONIDAL CON ABSCESO,CONSECUENCIA,Infección cutánea / celulitis / absceso,XII,ENFERMEDADES DE LA PIEL Y DEL TEJIDO SUBCUTANEO,4
L059,QUISTE PILONIDAL SIN ABSCESO,CONSECUENCIA,Infección cutánea / celulitis / absceso,XII,ENFERMEDADES DE LA PIEL Y DEL TEJIDO SUBCUTANEO,4
L08,OTRAS INFECCIONES LOCALES DE LA PIEL Y DEL TEJIDO SUBCUTÁNEO,CONSECUENCIA,Infección cutánea / celulitis / absceso,XII,ENFERMEDADES DE LA PIEL Y DEL TEJIDO SUBCUTANEO,3
L080,PIODERMA,CONSECUENCIA,Piodermia,XII,ENFERMEDADES DE LA PIEL Y DEL TEJIDO SUBCUTANEO,4
L081,ERITRASMA,CONSECUENCIA,Infección cutánea / celulitis / absceso,XII,ENFERMEDADES DE LA PIEL Y DEL TEJIDO SUBCUTANEO,4
L088,OTRAS INFECCIONES LOCALES ESPECIFICADAS DE LA PIEL Y DEL TEJIDO SUBCUTÁNEO,CONSECUENCIA,Infección cutánea / celulitis / absceso,XII,ENFERMEDADES DE LA PIEL Y DEL TEJIDO SUBCUTANEO,4
L089,"INFECCIÓN LOCAL DE LA PIEL Y DEL TEJIDO SUBCUTÁNEO, NO ESPECIFICADA",CONSECUENCIA,Infección cutánea / celulitis / absceso,XII,ENFERMEDADES DE LA PIEL Y DEL TEJIDO SUBCUTANEO,4
L89,ÚLCERA DE DECÚBITO Y POR ÁREA DE PRESIÓN,HERIDA,Úlcera por presión / decúbito,XII,ENFERMEDADES DE LA PIEL Y DEL TEJIDO SUBCUTANEO,3
L890,"ÚLCERA DE DECÚBITO Y POR ÁREA DE PRESIÓN, ETAPA I",HERIDA,Úlcera por presión / decúbito,XII,ENFERMEDADES DE LA PIEL Y DEL TEJIDO SUBCUTANEO,4
L891,"ÚLCERA DE DECÚBITO, ETAPA II",HERIDA,Úlcera por presión / decúbito,XII,ENFERMEDADES DE LA PIEL Y DEL TEJIDO SUBCUTANEO,4
L892,"ÚLCERA DE DECÚBITO, ETAPA III",HERIDA,Úlcera por presión / decúbito,XII,ENFERMEDADES DE LA PIEL Y DEL TEJIDO SUBCUTANEO,4
L893,"ÚLCERA DE DECÚBITO, ETAPA IV",HERIDA,Úlcera por presión / decúbito,XII,ENFERMEDADES DE LA PIEL Y DEL TEJIDO SUBCUTANEO,4
L899,"ÚLCERA DE DECÚBITO Y POR ÁREA DE PRESIÓN, NO ESPECIFICADA",HERIDA,Úlcera por presión / decúbito,XII,ENFERMEDADES DE LA PIEL Y DEL TEJIDO SUBCUTANEO,4
L89X,ÚLCERA DE DECÚBITO,HERIDA,Úlcera por presión / decúbito,XII,ENFERMEDADES DE LA PIEL Y DEL TEJIDO SUBCUTANEO,4
L97X,"ÚLCERA DE MIEMBRO INFERIOR, NO CLASIFICADA EN OTRA PARTE",HERIDA,Úlcera de miembro inferior NCOP,XII,ENFERMEDADES DE LA PIEL Y DEL TEJIDO SUBCUTANEO,4
L984,"ÚLCERA CRÓNICA DE LA PIEL, NO CLASIFICADA EN OTRA PARTE",HERIDA,Úlcera crónica de la piel NCOP,XII,ENFERMEDADES DE LA PIEL Y DEL TEJIDO SUBCUTANEO,4
M05,ARTRITIS REUMATOIDE SEROPOSITIVA,COMORBILIDAD,Artritis reumatoide,XIII,ENFERMEDADES DEL SISTEMA OSTEOMUSCULAR Y DEL TEJIDO CONJUNTIVO,3
M050,SÍNDROME DE FELTY,COMORBILIDAD,Artritis reumatoide,XIII,ENFERMEDADES DEL SISTEMA OSTEOMUSCULAR Y DEL TEJIDO CONJUNTIVO,4
M051,ENFERMEDAD REUMATOIDE DEL PULMÓN,COMORBILIDAD,Artritis reumatoide,XIII,ENFERMEDADES DEL SISTEMA OSTEOMUSCULAR Y DEL TEJIDO CONJUNTIVO,4
M052,VASCULITIS REUMATOIDE,COMORBILIDAD,Artritis reumatoide,XIII,ENFERMEDADES DEL SISTEMA OSTEOMUSCULAR Y DEL TEJIDO CONJUNTIVO,4
M053,ARTRITIS REUMATOIDE CON COMPROMISO DE OTROS ÓRGANOS O SISTEMAS,COMORBILIDAD,Artritis reumatoide,XIII,ENFERMEDADES DEL SISTEMA OSTEOMUSCULAR Y DEL TEJIDO CONJUNTIVO,4
M058,OTRAS ARTRITIS REUMATOIDEAS SEROPOSITIVAS,COMORBILIDAD,Artritis reumatoide,XIII,ENFERMEDADES DEL SISTEMA OSTEOMUSCULAR Y DEL TEJIDO CONJUNTIVO,4
M059,"ARTRITIS REUMATOIDEA SEROPOSITIVA, SIN OTRA ESPECIFICACIÓN",COMORBILIDAD,Artritis reumatoide,XIII,ENFERMEDADES DEL SISTEMA OSTEOMUSCULAR Y DEL TEJIDO CONJUNTIVO,4
M06,OTRAS ARTRITIS REUMATOIDES,COMORBILIDAD,Artritis reumatoide,XIII,ENFERMEDADES DEL SISTEMA OSTEOMUSCULAR Y DEL TEJIDO CONJUNTIVO,3
M060,ARTRITIS REUMATOIDE SERONEGATIVA,COMORBILIDAD,Artritis reumatoide,XIII,ENFERMEDADES DEL SISTEMA OSTEOMUSCULAR Y DEL TEJIDO CONJUNTIVO,4
M061,ENFERMEDAD DE STILL DE COMIENZO EN EL ADULTO,COMORBILIDAD,Artritis reumatoide,XIII,ENFERMEDADES DEL SISTEMA OSTEOMUSCULAR Y DEL TEJIDO CONJUNTIVO,4
M062,BURSITIS REUMATOIDE,COMORBILIDAD,Artritis reumatoide,XIII,ENFERMEDADES DEL SISTEMA OSTEOMUSCULAR Y DEL TEJIDO CONJUNTIVO,4
M063,NÓDULO REUMATOIDE,COMORBILIDAD,Artritis reumatoide,XIII,ENFERMEDADES DEL SISTEMA OSTEOMUSCULAR Y DEL TEJIDO CONJUNTIVO,4
M064,POLIARTROPATÍA INFLAMATORIA,COMORBILIDAD,Artritis reumatoide,XIII,ENFERMEDADES DEL SISTEMA OSTEOMUSCULAR Y DEL TEJIDO CONJUNTIVO,4
M068,OTRAS ARTRITIS REUMATOIDES ESPECIFICADAS,COMORBILIDAD,Artritis reumatoide,XIII,ENFERMEDADES DEL SISTEMA OSTEOMUSCULAR Y DEL TEJIDO CONJUNTIVO,4
M069,"ARTRITIS REUMATOIDE, NO ESPECIFICADA",COMORBILIDAD,Artritis reumatoide,XIII,ENFERMEDADES DEL SISTEMA OSTEOMUSCULAR Y DEL TEJIDO CONJUNTIVO,4
M32,LUPUS ERITEMATOSO SISTÉMICO,COMORBILIDAD,Lupus eritematoso sistémico,XIII,ENFERMEDADES DEL SISTEMA OSTEOMUSCULAR Y DEL TEJIDO CONJUNTIVO,3
M320,"LUPUS ERITEMATOSO SISTÉMICO, INDUCIDO POR DROGAS",COMORBILIDAD,Lupus eritematoso sistémico,XIII,ENFERMEDADES DEL SISTEMA OSTEOMUSCULAR Y DEL TEJIDO CONJUNTIVO,4
M321,LUPUS ERITEMATOSO SISTÉMICO CON COMPROMISO DE ÓRGANOS O SISTEMAS,COMORBILIDAD,Lupus eritematoso sistémico,XIII,ENFERMEDADES DEL SISTEMA OSTEOMUSCULAR Y DEL TEJIDO CONJUNTIVO,4
M328,OTRAS FORMAS DE LUPUS ERITEMATOSO SISTÉMICO,COMORBILIDAD,Lupus eritematoso sistémico,XIII,ENFERMEDADES DEL SISTEMA OSTEOMUSCULAR Y DEL TEJIDO CONJUNTIVO,4
M329,"LUPUS ERITEMATOSO SISTÉMICO, SIN OTRA ESPECIFICACIÓN",COMORBILIDAD,Lupus eritematoso sistémico,XIII,ENFERMEDADES DEL SISTEMA OSTEOMUSCULAR Y DEL TEJIDO CONJUNTIVO,4
M726,FASCITIS NECROTIZANTE,CONSECUENCIA,Fascitis necrosante,XIII,ENFERMEDADES DEL SISTEMA OSTEOMUSCULAR Y DEL TEJIDO CONJUNTIVO,4
M86,OSTEOMIELITIS,CONSECUENCIA,Osteomielitis,XIII,ENFERMEDADES DEL SISTEMA OSTEOMUSCULAR Y DEL TEJIDO CONJUNTIVO,3
M860,OSTEOMIELITIS HEMATÓGENA AGUDA,CONSECUENCIA,Osteomielitis,XIII,ENFERMEDADES DEL SISTEMA OSTEOMUSCULAR Y DEL TEJIDO CONJUNTIVO,4
M861,OTRAS OSTEOMIELITIS AGUDAS,CONSECUENCIA,Osteomielitis,XIII,ENFERMEDADES DEL SISTEMA OSTEOMUSCULAR Y DEL TEJIDO CONJUNTIVO,4
M862,OSTEOMIELITIS SUBAGUDA,CONSECUENCIA,Osteomielitis,XIII,ENFERMEDADES DEL SISTEMA OSTEOMUSCULAR Y DEL TEJIDO CONJUNTIVO,4
M863,OSTEOMIELITIS MULTIFOCAL CRÓNICA,CONSECUENCIA,Osteomielitis,XIII,ENFERMEDADES DEL SISTEMA OSTEOMUSCULAR Y DEL TEJIDO CONJUNTIVO,4
M864,OSTEOMIELITIS CRÓNICA CON DRENAJE DEL SENO,CONSECUENCIA,Osteomielitis,XIII,ENFERMEDADES DEL SISTEMA OSTEOMUSCULAR Y DEL TEJIDO CONJUNTIVO,4
M865,OTRAS OSTEOMIELITIS HEMATÓGENAS CRÓNICAS,CONSECUENCIA,Osteomielitis,XIII,ENFERMEDADES DEL SISTEMA OSTEOMUSCULAR Y DEL TEJIDO CONJUNTIVO,4
M866,OTRAS OSTEOMIELITIS CRÓNICAS,CONSECUENCIA,Osteomielitis,XIII,ENFERMEDADES DEL SISTEMA OSTEOMUSCULAR Y DEL TEJIDO CONJUNTIVO,4
M868,OTRAS OSTEOMIELITIS,CONSECUENCIA,Osteomielitis,XIII,ENFERMEDADES DEL SISTEMA OSTEOMUSCULAR Y DEL TEJIDO CONJUNTIVO,4
M869,"OSTEOMIELITIS, NO ESPECIFICADA",CONSECUENCIA,Osteomielitis,XIII,ENFERMEDADES DEL SISTEMA OSTEOMUSCULAR Y DEL TEJIDO CONJUNTIVO,4
N18,ENFERMEDAD RENAL CRÓNICA,COMORBILIDAD,Enfermedad renal crónica,XIV,ENFERMEDADES DEL SISTEMA GENITOURINARIO,3
N180,INSUFICIENCIA RENAL TERMINAL,COMORBILIDAD,Enfermedad renal crónica,XIV,ENFERMEDADES DEL SISTEMA GENITOURINARIO,4
N181,"ENFERMEDAD RENAL CRÓNICA, ETAPA 1",COMORBILIDAD,Enfermedad renal crónica,XIV,ENFERMEDADES DEL SISTEMA GENITOURINARIO,4
N182,"ENFERMEDAD RENAL CRÓNICA, ETAPA 2",COMORBILIDAD,Enfermedad renal crónica,XIV,ENFERMEDADES DEL SISTEMA GENITOURINARIO,4
N183,"ENFERMEDAD RENAL CRÓNICA, ETAPA 3",COMORBILIDAD,Enfermedad renal crónica,XIV,ENFERMEDADES DEL SISTEMA GENITOURINARIO,4
N184,"ENFERMEDAD RENAL CRÓNICA, ETAPA 4",COMORBILIDAD,Enfermedad renal crónica,XIV,ENFERMEDADES DEL SISTEMA GENITOURINARIO,4
N185,"ENFERMEDAD RENAL CRÓNICA, ETAPA 5",COMORBILIDAD,Enfermedad renal crónica,XIV,ENFERMEDADES DEL SISTEMA GENITOURINARIO,4
N188,OTRAS INSUFICIENCIAS RENALES CRÓNICAS,COMORBILIDAD,Enfermedad renal crónica,XIV,ENFERMEDADES DEL SISTEMA GENITOURINARIO,4
N189,"ENFERMEDAD RENAL CRÓNICA, NO ESPECIFICADA",COMORBILIDAD,Enfermedad renal crónica,XIV,ENFERMEDADES DEL SISTEMA GENITOURINARIO,4
N19X,INSUFICIENCIA RENAL NO ESPECIFICADA,COMORBILIDAD,Enfermedad renal crónica,XIV,ENFERMEDADES DEL SISTEMA GENITOURINARIO,4
R02X,"GANGRENA, NO CLASIFICADA EN OTRA PARTE",CONSECUENCIA,Gangrena,XVIII,"SINTOMAS, SIGNOS Y HALLAZGOS ANORMALES CLINICOS Y DE LABORATORIO, NO CLASIFICADOS EN OTRA PARTE",4
R572,CHOQUE SÉPTICO,CONSECUENCIA,Sepsis / choque séptico,XVIII,"SINTOMAS, SIGNOS Y HALLAZGOS ANORMALES CLINICOS Y DE LABORATORIO, NO CLASIFICADOS EN OTRA PARTE",4
R650,"SÍNDROME DE RESPUESTA INFLAMATORIA SISTÉMICA DE ORIGEN INFECCIOSO, SIN FALLA ORGÁNICA",CONSECUENCIA,Sepsis / choque séptico,XVIII,"SINTOMAS, SIGNOS Y HALLAZGOS ANORMALES CLINICOS Y DE LABORATORIO, NO CLASIFICADOS EN OTRA PARTE",4
R651,"SÍNDROME DE RESPUESTA INFLAMATORIA SISTÉMICA DE ORIGEN INFECCIOSO, CON FALLA ORGÁNICA",CONSECUENCIA,Sepsis / choque séptico,XVIII,"SINTOMAS, SIGNOS Y HALLAZGOS ANORMALES CLINICOS Y DE LABORATORIO, NO CLASIFICADOS EN OTRA PARTE",4
S01,HERIDA DE LA CABEZA,HERIDA,Herida abierta / traumática,XIX,"TRAUMATISMOS, ENVENENAMIENTOS Y ALGUNAS OTRAS CONSECUENCIAS DE CAUSAS EXTERNAS",3
S010,HERIDA DEL CUERO CABELLUDO,HERIDA,Herida abierta / traumática,XIX,"TRAUMATISMOS, ENVENENAMIENTOS Y ALGUNAS OTRAS CONSECUENCIAS DE CAUSAS EXTERNAS",4
S011,HERIDA DEL PÁRPADO Y DE LA REGIÓN PERIOCULAR,HERIDA,Herida abierta / traumática,XIX,"TRAUMATISMOS, ENVENENAMIENTOS Y ALGUNAS OTRAS CONSECUENCIAS DE CAUSAS EXTERNAS",4
S012,HERIDA DE LA NARIZ,HERIDA,Herida abierta / traumática,XIX,"TRAUMATISMOS, ENVENENAMIENTOS Y ALGUNAS OTRAS CONSECUENCIAS DE CAUSAS EXTERNAS",4
S013,HERIDA DEL OÍDO,HERIDA,Herida abierta / traumática,XIX,"TRAUMATISMOS, ENVENENAMIENTOS Y ALGUNAS OTRAS CONSECUENCIAS DE CAUSAS EXTERNAS",4
S014,HERIDA DE LA MEJILLA Y DE LA REGIÓN TEMPOROMANDIBULAR,HERIDA,Herida abierta / traumática,XIX,"TRAUMATISMOS, ENVENENAMIENTOS Y ALGUNAS OTRAS CONSECUENCIAS DE CAUSAS EXTERNAS",4
S015,HERIDA DEL LABIO Y DE LA CAVIDAD BUCAL,HERIDA,Herida abierta / traumática,XIX,"TRAUMATISMOS, ENVENENAMIENTOS Y ALGUNAS OTRAS CONSECUENCIAS DE CAUSAS EXTERNAS",4
S017,HERIDAS MÚLTIPLES DE LA CABEZA,HERIDA,Herida abierta / traumática,XIX,"TRAUMATISMOS, ENVENENAMIENTOS Y ALGUNAS OTRAS CONSECUENCIAS DE CAUSAS EXTERNAS",4
S018,HERIDA DE OTRAS PARTES DE LA CABEZA,HERIDA,Herida abierta / traumática,XIX,"TRAUMATISMOS, ENVENENAMIENTOS Y ALGUNAS OTRAS CONSECUENCIAS DE CAUSAS EXTERNAS",4
S019,"HERIDA DE LA CABEZA, PARTE NO ESPECIFICADA",HERIDA,Herida abierta / traumática,XIX,"TRAUMATISMOS, ENVENENAMIENTOS Y ALGUNAS OTRAS CONSECUENCIAS DE CAUSAS EXTERNAS",4
S11,HERIDA DEL CUELLO,HERIDA,Herida abierta / traumática,XIX,"TRAUMATISMOS, ENVENENAMIENTOS Y ALGUNAS OTRAS CONSECUENCIAS DE CAUSAS EXTERNAS",3
S110,HERIDA QUE COMPROMETE LA LARINGE Y LA TRÁQUEA,HERIDA,Herida abierta / traumática,XIX,"TRAUMATISMOS, ENVENENAMIENTOS Y ALGUNAS OTRAS CONSECUENCIAS DE CAUSAS EXTERNAS",4
S111,HERIDA QUE COMPROMETE LA GLÁNDULA TIROIDES,HERIDA,Herida abierta / traumática,XIX,"TRAUMATISMOS, ENVENENAMIENTOS Y ALGUNAS OTRAS CONSECUENCIAS DE CAUSAS EXTERNAS",4
S112,HERIDA QUE COMPROMETE LA FARINGE Y EL ESÓFAGO CERVICAL,HERIDA,Herida abierta / traumática,XIX,"TRAUMATISMOS, ENVENENAMIENTOS Y ALGUNAS OTRAS CONSECUENCIAS DE CAUSAS EXTERNAS",4
S117,HERIDAS MÚLTIPLES DEL CUELLO,HERIDA,Herida abierta / traumática,XIX,"TRAUMATISMOS, ENVENENAMIENTOS Y ALGUNAS OTRAS CONSECUENCIAS DE CAUSAS EXTERNAS",4
S118,HERIDAS DE OTRAS PARTES DEL CUELLO,HERIDA,Herida abierta / traumática,XIX,"TRAUMATISMOS, ENVENENAMIENTOS Y ALGUNAS OTRAS CONSECUENCIAS DE CAUSAS EXTERNAS",4
S119,"HERIDA DE CUELLO, PARTE NO ESPECIFICADA",HERIDA,Herida abierta / traumática,XIX,"TRAUMATISMOS, ENVENENAMIENTOS Y ALGUNAS OTRAS CONSECUENCIAS DE CAUSAS EXTERNAS",4
S21,HERIDA DEL TÓRAX,HERIDA,Herida abierta / traumática,XIX,"TRAUMATISMOS, ENVENENAMIENTOS Y ALGUNAS OTRAS CONSECUENCIAS DE CAUSAS EXTERNAS",3
S210,HERIDA DE LA MAMA,HERIDA,Herida abierta / traumática,XIX,"TRAUMATISMOS, ENVENENAMIENTOS Y ALGUNAS OTRAS CONSECUENCIAS DE CAUSAS EXTERNAS",4
S211,HERIDA DE LA PARED ANTERIOR DEL TÓRAX,HERIDA,Herida abierta / traumática,XIX,"TRAUMATISMOS, ENVENENAMIENTOS Y ALGUNAS OTRAS CONSECUENCIAS DE CAUSAS EXTERNAS",4
S212,HERIDA DE LA PARED POSTERIOR DEL TÓRAX,HERIDA,Herida abierta / traumática,XIX,"TRAUMATISMOS, ENVENENAMIENTOS Y ALGUNAS OTRAS CONSECUENCIAS DE CAUSAS EXTERNAS",4
S217,HERIDA MÚLTIPLE DE LA PARED TORÁCICA,HERIDA,Herida abierta / traumática,XIX,"TRAUMATISMOS, ENVENENAMIENTOS Y ALGUNAS OTRAS CONSECUENCIAS DE CAUSAS EXTERNAS",4
S218,HERIDA DE OTRAS PARTES DEL TÓRAX,HERIDA,Herida abierta / traumática,XIX,"TRAUMATISMOS, ENVENENAMIENTOS Y ALGUNAS OTRAS CONSECUENCIAS DE CAUSAS EXTERNAS",4
S219,"HERIDA DEL TÓRAX, PARTE NO ESPECIFICADA",HERIDA,Herida abierta / traumática,XIX,"TRAUMATISMOS, ENVENENAMIENTOS Y ALGUNAS OTRAS CONSECUENCIAS DE CAUSAS EXTERNAS",4
S31,"HERIDA DEL ABDOMEN, DE LA REGIÓN LUMBOSACRA Y DE LA PELVIS",HERIDA,Herida abierta / traumática,XIX,"TRAUMATISMOS, ENVENENAMIENTOS Y ALGUNAS OTRAS CONSECUENCIAS DE CAUSAS EXTERNAS",3
S310,HERIDA DE LA REGIÓN LUMBOSACRA Y DE LA PELVIS,HERIDA,Herida abierta / traumática,XIX,"TRAUMATISMOS, ENVENENAMIENTOS Y ALGUNAS OTRAS CONSECUENCIAS DE CAUSAS EXTERNAS",4
S311,HERIDA DE LA PARED ABDOMINAL,HERIDA,Herida abierta / traumática,XIX,"TRAUMATISMOS, ENVENENAMIENTOS Y ALGUNAS OTRAS CONSECUENCIAS DE CAUSAS EXTERNAS",4
S312,HERIDA DEL PENE,HERIDA,Herida abierta / traumática,XIX,"TRAUMATISMOS, ENVENENAMIENTOS Y ALGUNAS OTRAS CONSECUENCIAS DE CAUSAS EXTERNAS",4
S313,HERIDA DEL ESCROTO Y DE LOS TESTÍCULOS,HERIDA,Herida abierta / traumática,XIX,"TRAUMATISMOS, ENVENENAMIENTOS Y ALGUNAS OTRAS CONSECUENCIAS DE CAUSAS EXTERNAS",4
S314,HERIDA DE LA VAGINA Y DE LA VULVA,HERIDA,Herida abierta / traumática,XIX,"TRAUMATISMOS, ENVENENAMIENTOS Y ALGUNAS OTRAS CONSECUENCIAS DE CAUSAS EXTERNAS",4
S315,HERIDA DE OTROS ÓRGANOS GENITALES EXTERNOS Y DE LOS NO ESPECIFICADOS,HERIDA,Herida abierta / traumática,XIX,"TRAUMATISMOS, ENVENENAMIENTOS Y ALGUNAS OTRAS CONSECUENCIAS DE CAUSAS EXTERNAS",4
S317,"HERIDAS MÚLTIPLES DEL ABDOMEN, DE LA REGIÓN LUMBOSACRA Y DE LA PELVIS",HERIDA,Herida abierta / traumática,XIX,"TRAUMATISMOS, ENVENENAMIENTOS Y ALGUNAS OTRAS CONSECUENCIAS DE CAUSAS EXTERNAS",4
S318,HERIDAS DE OTRAS PARTES Y DE LAS NO ESPECIFICADAS DEL ABDOMEN,HERIDA,Herida abierta / traumática,XIX,"TRAUMATISMOS, ENVENENAMIENTOS Y ALGUNAS OTRAS CONSECUENCIAS DE CAUSAS EXTERNAS",4
S41,HERIDA DEL HOMBRO Y DEL BRAZO,HERIDA,Herida abierta / traumática,XIX,"TRAUMATISMOS, ENVENENAMIENTOS Y ALGUNAS OTRAS CONSECUENCIAS DE CAUSAS EXTERNAS",3
S410,HERIDA DEL HOMBRO,HERIDA,Herida abierta / traumática,XIX,"TRAUMATISMOS, ENVENENAMIENTOS Y ALGUNAS OTRAS CONSECUENCIAS DE CAUSAS EXTERNAS",4
S411,HERIDA DEL BRAZO,HERIDA,Herida abierta / traumática,XIX,"TRAUMATISMOS, ENVENENAMIENTOS Y ALGUNAS OTRAS CONSECUENCIAS DE CAUSAS EXTERNAS",4
S417,HERIDAS MÚLTIPLES DEL HOMBRO Y DEL BRAZO,HERIDA,Herida abierta / traumática,XIX,"TRAUMATISMOS, ENVENENAMIENTOS Y ALGUNAS OTRAS CONSECUENCIAS DE CAUSAS EXTERNAS",4
S418,HERIDA DE OTRAS PARTES Y DE LAS NO ESPECIFICADAS DEL HOMBRO Y DEL BRAZO,HERIDA,Herida abierta / traumática,XIX,"TRAUMATISMOS, ENVENENAMIENTOS Y ALGUNAS OTRAS CONSECUENCIAS DE CAUSAS EXTERNAS",4
S51,HERIDA DEL ANTEBRAZO Y DEL CODO,HERIDA,Herida abierta / traumática,XIX,"TRAUMATISMOS, ENVENENAMIENTOS Y ALGUNAS OTRAS CONSECUENCIAS DE CAUSAS EXTERNAS",3
S510,HERIDA DEL CODO,HERIDA,Herida abierta / traumática,XIX,"TRAUMATISMOS, ENVENENAMIENTOS Y ALGUNAS OTRAS CONSECUENCIAS DE CAUSAS EXTERNAS",4
S517,HERIDAS MÚLTIPLES DEL ANTEBRAZO,HERIDA,Herida abierta / traumática,XIX,"TRAUMATISMOS, ENVENENAMIENTOS Y ALGUNAS OTRAS CONSECUENCIAS DE CAUSAS EXTERNAS",4
S518,HERIDA DE OTRAS PARTES DEL ANTEBRAZO,HERIDA,Herida abierta / traumática,XIX,"TRAUMATISMOS, ENVENENAMIENTOS Y ALGUNAS OTRAS CONSECUENCIAS DE CAUSAS EXTERNAS",4
S519,"HERIDA DEL ANTEBRAZO, PARTE NO ESPECIFICADA",HERIDA,Herida abierta / traumática,XIX,"TRAUMATISMOS, ENVENENAMIENTOS Y ALGUNAS OTRAS CONSECUENCIAS DE CAUSAS EXTERNAS",4
S61,HERIDA DE LA MUÑECA Y DE LA MANO,HERIDA,Herida abierta / traumática,XIX,"TRAUMATISMOS, ENVENENAMIENTOS Y ALGUNAS OTRAS CONSECUENCIAS DE CAUSAS EXTERNAS",3
S610,"HERIDA DE DEDO(S) DE LA MANO, SIN DAÑO DE LA(S) UÑA(S)",HERIDA,Herida abierta / traumática,XIX,"TRAUMATISMOS, ENVENENAMIENTOS Y ALGUNAS OTRAS CONSECUENCIAS DE CAUSAS EXTERNAS",4
S611,"HERIDA DE DEDO(S) DE LA MANO, CON DAÑO DE LA(S) UÑA(S)",HERIDA,Herida abierta / traumática,XIX,"TRAUMATISMOS, ENVENENAMIENTOS Y ALGUNAS OTRAS CONSECUENCIAS DE CAUSAS EXTERNAS",4
S617,HERIDAS MÚLTIPLES DE LA MUÑECA Y DE LA MANO,HERIDA,Herida abierta / traumática,XIX,"TRAUMATISMOS, ENVENENAMIENTOS Y ALGUNAS OTRAS CONSECUENCIAS DE CAUSAS EXTERNAS",4
S618,HERIDA DE OTRAS PARTES DE LA MUÑECA Y DE LA MANO,HERIDA,Herida abierta / traumática,XIX,"TRAUMATISMOS, ENVENENAMIENTOS Y ALGUNAS OTRAS CONSECUENCIAS DE CAUSAS EXTERNAS",4
S619,"HERIDA DE LA MUÑECA Y DE LA MANO, PARTE NO ESPECIFICADA",HERIDA,Herida abierta / traumática,XIX,"TRAUMATISMOS, ENVENENAMIENTOS Y ALGUNAS OTRAS CONSECUENCIAS DE CAUSAS EXTERNAS",4
S71,HERIDA DE LA CADERA Y DEL MUSLO,HERIDA,Herida abierta / traumática,XIX,"TRAUMATISMOS, ENVENENAMIENTOS Y ALGUNAS OTRAS CONSECUENCIAS DE CAUSAS EXTERNAS",3
S710,HERIDA DE LA CADERA,HERIDA,Herida abierta / traumática,XIX,"TRAUMATISMOS, ENVENENAMIENTOS Y ALGUNAS OTRAS CONSECUENCIAS DE CAUSAS EXTERNAS",4
S711,HERIDA DEL MUSLO,HERIDA,Herida abierta / traumática,XIX,"TRAUMATISMOS, ENVENENAMIENTOS Y ALGUNAS OTRAS CONSECUENCIAS DE CAUSAS EXTERNAS",4
S717,HERIDAS MÚLTIPLES DE LA CADERA Y DEL MUSLO,HERIDA,Herida abierta / traumática,XIX,"TRAUMATISMOS, ENVENENAMIENTOS Y ALGUNAS OTRAS CONSECUENCIAS DE CAUSAS EXTERNAS",4
S718,HERIDA DE OTRAS PARTES Y DE LAS NO ESPECIFICADAS DE LA CINTURA PÉLVICA,HERIDA,Herida abierta / traumática,XIX,"TRAUMATISMOS, ENVENENAMIENTOS Y ALGUNAS OTRAS CONSECUENCIAS DE CAUSAS EXTERNAS",4
S81,HERIDA DE LA PIERNA,HERIDA,Herida abierta / traumática,XIX,"TRAUMATISMOS, ENVENENAMIENTOS Y ALGUNAS OTRAS CONSECUENCIAS DE CAUSAS EXTERNAS",3
S810,HERIDA DE LA RODILLA,HERIDA,Herida abierta / traumática,XIX,"TRAUMATISMOS, ENVENENAMIENTOS Y ALGUNAS OTRAS CONSECUENCIAS DE CAUSAS EXTERNAS",4
S817,HERIDAS MÚLTIPLES DE LA PIERNA,HERIDA,Herida abierta / traumática,XIX,"TRAUMATISMOS, ENVENENAMIENTOS Y ALGUNAS OTRAS CONSECUENCIAS DE CAUSAS EXTERNAS",4
S818,HERIDA DE OTRAS PARTES DE LA PIERNA,HERIDA,Herida abierta / traumática,XIX,"TRAUMATISMOS, ENVENENAMIENTOS Y ALGUNAS OTRAS CONSECUENCIAS DE CAUSAS EXTERNAS",4
S819,"HERIDA DE LA PIERNA, PARTE NO ESPECIFICADA",HERIDA,Herida abierta / traumática,XIX,"TRAUMATISMOS, ENVENENAMIENTOS Y ALGUNAS OTRAS CONSECUENCIAS DE CAUSAS EXTERNAS",4
S91,HERIDA DEL TOBILLO Y DEL PIE,HERIDA,Herida abierta / traumática,XIX,"TRAUMATISMOS, ENVENENAMIENTOS Y ALGUNAS OTRAS CONSECUENCIAS DE CAUSAS EXTERNAS",3
S910,HERIDA DEL TOBILLO,HERIDA,Herida abierta / traumática,XIX,"TRAUMATISMOS, ENVENENAMIENTOS Y ALGUNAS OTRAS CONSECUENCIAS DE CAUSAS EXTERNAS",4
S911,HERIDA DE DEDO(S) DEL PIE SIN DAÑO(S) DE LA(S) UÑA(S),HERIDA,Herida abierta / traumática,XIX,"TRAUMATISMOS, ENVENENAMIENTOS Y ALGUNAS OTRAS CONSECUENCIAS DE CAUSAS EXTERNAS",4
S912,HERIDA DE DEDO(S) DEL PIE CON DAÑO(S) DE LA(S) UÑA(S),HERIDA,Herida abierta / traumática,XIX,"TRAUMATISMOS, ENVENENAMIENTOS Y ALGUNAS OTRAS CONSECUENCIAS DE CAUSAS EXTERNAS",4
S913,HERIDA DE OTRAS PARTES DEL PIE,HERIDA,Herida abierta / traumática,XIX,"TRAUMATISMOS, ENVENENAMIENTOS Y ALGUNAS OTRAS CONSECUENCIAS DE CAUSAS EXTERNAS",4
S917,HERIDAS MÚLTIPLES DEL TOBILLO Y DEL PIE,HERIDA,Herida abierta / traumática,XIX,"TRAUMATISMOS, ENVENENAMIENTOS Y ALGUNAS OTRAS CONSECUENCIAS DE CAUSAS EXTERNAS",4
T01,HERIDAS QUE AFECTAN MÚLTIPLES REGIONES DEL CUERPO,HERIDA,Herida abierta / traumática,XIX,"TRAUMATISMOS, ENVENENAMIENTOS Y ALGUNAS OTRAS CONSECUENCIAS DE CAUSAS EXTERNAS",3
T010,HERIDAS QUE AFECTAN LA CABEZA CON EL CUELLO,HERIDA,Herida abierta / traumática,XIX,"TRAUMATISMOS, ENVENENAMIENTOS Y ALGUNAS OTRAS CONSECUENCIAS DE CAUSAS EXTERNAS",4
T011,"HERIDAS QUE AFECTAN EL TÓRAX CON EL ABDOMEN, LA REGIÓN LUMBOSACRA Y LA PELVIS",HERIDA,Herida abierta / traumática,XIX,"TRAUMATISMOS, ENVENENAMIENTOS Y ALGUNAS OTRAS CONSECUENCIAS DE CAUSAS EXTERNAS",4
T012,HERIDAS QUE AFECTAN MÚLTIPLES REGIONES DEL (DE LOS) MIEMBRO(S) SUPERIOR(ES),HERIDA,Herida abierta / traumática,XIX,"TRAUMATISMOS, ENVENENAMIENTOS Y ALGUNAS OTRAS CONSECUENCIAS DE CAUSAS EXTERNAS",4
T013,HERIDAS QUE AFECTAN MÚLTIPLES REGIONES DEL (DE LOS) MIEMBRO(S) INFERIOR(ES),HERIDA,Herida abierta / traumática,XIX,"TRAUMATISMOS, ENVENENAMIENTOS Y ALGUNAS OTRAS CONSECUENCIAS DE CAUSAS EXTERNAS",4
T016,HERIDAS QUE AFECTAN MÚLTIPLES REGIONES DEL (DE LOS) MIEMBRO(S) SUPERIOR(ES) CON MIEMBRO(S) INFERIOR(ES),HERIDA,Herida abierta / traumática,XIX,"TRAUMATISMOS, ENVENENAMIENTOS Y ALGUNAS OTRAS CONSECUENCIAS DE CAUSAS EXTERNAS",4
T018,HERIDAS QUE AFECTAN OTRAS COMBINACIONES DE LAS REGIONES DEL CUERPO,HERIDA,Herida abierta / traumática,XIX,"TRAUMATISMOS, ENVENENAMIENTOS Y ALGUNAS OTRAS CONSECUENCIAS DE CAUSAS EXTERNAS",4
T019,"HERIDAS MÚLTIPLES, NO ESPECIFICADAS",HERIDA,Herida abierta / traumática,XIX,"TRAUMATISMOS, ENVENENAMIENTOS Y ALGUNAS OTRAS CONSECUENCIAS DE CAUSAS EXTERNAS",4
T141,HERIDA DE REGIÓN NO ESPECIFICADA DEL CUERPO,HERIDA,Herida abierta / traumática,XIX,"TRAUMATISMOS, ENVENENAMIENTOS Y ALGUNAS OTRAS CONSECUENCIAS DE CAUSAS EXTERNAS",4
T20,QUEMADURA Y CORROSIÓN DE LA CABEZA Y DEL CUELLO,HERIDA,Quemadura / corrosión,XIX,"TRAUMATISMOS, ENVENENAMIENTOS Y ALGUNAS OTRAS CONSECUENCIAS DE CAUSAS EXTERNAS",3
T200,"QUEMADURA DE LA CABEZA Y DEL CUELLO, GRADO NO ESPECIFICADO",HERIDA,Quemadura / corrosión,XIX,"TRAUMATISMOS, ENVENENAMIENTOS Y ALGUNAS OTRAS CONSECUENCIAS DE CAUSAS EXTERNAS",4
T201,"QUEMADURA DE LA CABEZA Y DEL CUELLO, DE PRIMER GRADO",HERIDA,Quemadura / corrosión,XIX,"TRAUMATISMOS, ENVENENAMIENTOS Y ALGUNAS OTRAS CONSECUENCIAS DE CAUSAS EXTERNAS",4
T202,"QUEMADURA DE LA CABEZA Y DEL CUELLO, DE SEGUNDO GRADO",HERIDA,Quemadura / corrosión,XIX,"TRAUMATISMOS, ENVENENAMIENTOS Y ALGUNAS OTRAS CONSECUENCIAS DE CAUSAS EXTERNAS",4
T203,"QUEMADURA DE LA CABEZA Y DEL CUELLO, DE TERCER GRADO",HERIDA,Quemadura / corrosión,XIX,"TRAUMATISMOS, ENVENENAMIENTOS Y ALGUNAS OTRAS CONSECUENCIAS DE CAUSAS EXTERNAS",4
T204,"CORROSIÓN DE LA CABEZA Y DEL CUELLO, GRADO NO ESPECIFICADO",HERIDA,Quemadura / corrosión,XIX,"TRAUMATISMOS, ENVENENAMIENTOS Y ALGUNAS OTRAS CONSECUENCIAS DE CAUSAS EXTERNAS",4
T205,"CORROSIÓN DE LA CABEZA Y DEL CUELLO, DE PRIMER GRADO",HERIDA,Quemadura / corrosión,XIX,"TRAUMATISMOS, ENVENENAMIENTOS Y ALGUNAS OTRAS CONSECUENCIAS DE CAUSAS EXTERNAS",4
T206,"CORROSIÓN DE LA CABEZA Y DEL CUELLO, DE SEGUNDO GRADO",HERIDA,Quemadura / corrosión,XIX,"TRAUMATISMOS, ENVENENAMIENTOS Y ALGUNAS OTRAS CONSECUENCIAS DE CAUSAS EXTERNAS",4
T207,"CORROSIÓN DE LA CABEZA Y DEL CUELLO, DE TERCER GRADO",HERIDA,Quemadura / corrosión,XIX,"TRAUMATISMOS, ENVENENAMIENTOS Y ALGUNAS OTRAS CONSECUENCIAS DE CAUSAS EXTERNAS",4
T21,QUEMADURA Y CORROSIÓN DEL TRONCO,HERIDA,Quemadura / corrosión,XIX,"TRAUMATISMOS, ENVENENAMIENTOS Y ALGUNAS OTRAS CONSECUENCIAS DE CAUSAS EXTERNAS",3
T210,"QUEMADURA DEL TRONCO, GRADO NO ESPECIFICADO",HERIDA,Quemadura / corrosión,XIX,"TRAUMATISMOS, ENVENENAMIENTOS Y ALGUNAS OTRAS CONSECUENCIAS DE CAUSAS EXTERNAS",4
T211,"QUEMADURA DEL TRONCO, DE PRIMER GRADO",HERIDA,Quemadura / corrosión,XIX,"TRAUMATISMOS, ENVENENAMIENTOS Y ALGUNAS OTRAS CONSECUENCIAS DE CAUSAS EXTERNAS",4
T212,"QUEMADURA DEL TRONCO, DE SEGUNDO GRADO",HERIDA,Quemadura / corrosión,XIX,"TRAUMATISMOS, ENVENENAMIENTOS Y ALGUNAS OTRAS CONSECUENCIAS DE CAUSAS EXTERNAS",4
T213,"QUEMADURA DEL TRONCO, DE TERCER GRADO",HERIDA,Quemadura / corrosión,XIX,"TRAUMATISMOS, ENVENENAMIENTOS Y ALGUNAS OTRAS CONSECUENCIAS DE CAUSAS EXTERNAS",4
T214,"CORROSIÓN DEL TRONCO, GRADO NO ESPECIFICADO",HERIDA,Quemadura / corrosión,XIX,"TRAUMATISMOS, ENVENENAMIENTOS Y ALGUNAS OTRAS CONSECUENCIAS DE CAUSAS EXTERNAS",4
T215,"CORROSIÓN DEL TRONCO, DE PRIMER GRADO",HERIDA,Quemadura / corrosión,XIX,"TRAUMATISMOS, ENVENENAMIENTOS Y ALGUNAS OTRAS CONSECUENCIAS DE CAUSAS EXTERNAS",4
T216,"CORROSIÓN DEL TRONCO, DE SEGUNDO GRADO",HERIDA,Quemadura / corrosión,XIX,"TRAUMATISMOS, ENVENENAMIENTOS Y ALGUNAS OTRAS CONSECUENCIAS DE CAUSAS EXTERNAS",4
T217,"CORROSIÓN DEL TRONCO, DE TERCER GRADO",HERIDA,Quemadura / corrosión,XIX,"TRAUMATISMOS, ENVENENAMIENTOS Y ALGUNAS OTRAS CONSECUENCIAS DE CAUSAS EXTERNAS",4
T22,"QUEMADURA Y CORROSIÓN DEL HOMBRO Y MIEMBRO SUPERIOR, EXCEPTO DE LA MUÑECA Y DE LA MANO",HERIDA,Quemadura / corrosión,XIX,"TRAUMATISMOS, ENVENENAMIENTOS Y ALGUNAS OTRAS CONSECUENCIAS DE CAUSAS EXTERNAS",3
T220,"QUEMADURA DEL HOMBRO Y MIEMBRO SUPERIOR, GRADO NO ESPECIFICADO, EXCEPTO DE LA MUÑECA Y DE LA MANO",HERIDA,Quemadura / corrosión,XIX,"TRAUMATISMOS, ENVENENAMIENTOS Y ALGUNAS OTRAS CONSECUENCIAS DE CAUSAS EXTERNAS",4
T221,"QUEMADURA DEL HOMBRO Y MIEMBRO SUPERIOR, DE PRIMER GRADO, EXCEPTO DE LA MUÑECA Y DE LA MANO",HERIDA,Quemadura / corrosión,XIX,"TRAUMATISMOS, ENVENENAMIENTOS Y ALGUNAS OTRAS CONSECUENCIAS DE CAUSAS EXTERNAS",4
T222,"QUEMADURA DEL HOMBRO Y MIEMBRO SUPERIOR, DE SEGUNDO GRADO, EXCEPTO DE LA MUÑECA Y DE LA MANO",HERIDA,Quemadura / corrosión,XIX,"TRAUMATISMOS, ENVENENAMIENTOS Y ALGUNAS OTRAS CONSECUENCIAS DE CAUSAS EXTERNAS",4
T223,"QUEMADURA DEL HOMBRO Y MIEMBRO SUPERIOR, DE TERCER GRADO, EXCEPTO DE LA MUÑECA Y DE LA MANO",HERIDA,Quemadura / corrosión,XIX,"TRAUMATISMOS, ENVENENAMIENTOS Y ALGUNAS OTRAS CONSECUENCIAS DE CAUSAS EXTERNAS",4
T224,"CORROSIÓN DEL HOMBRO Y MIEMBRO SUPERIOR, GRADO NO ESPECIFICADO, EXCEPTO DE LA MUÑECA Y DE LA MANO",HERIDA,Quemadura / corrosión,XIX,"TRAUMATISMOS, ENVENENAMIENTOS Y ALGUNAS OTRAS CONSECUENCIAS DE CAUSAS EXTERNAS",4
T225,"CORROSIÓN DEL HOMBRO Y MIEMBRO SUPERIOR, DE PRIMER GRADO, EXCEPTO DE LA MUÑECA Y DE LA MANO",HERIDA,Quemadura / corrosión,XIX,"TRAUMATISMOS, ENVENENAMIENTOS Y ALGUNAS OTRAS CONSECUENCIAS DE CAUSAS EXTERNAS",4
T226,"CORROSIÓN DEL HOMBRO Y MIEMBRO SUPERIOR, DE SEGUNDO GRADO, EXCEPTO DE LA MUÑECA Y DE LA MANO",HERIDA,Quemadura / corrosión,XIX,"TRAUMATISMOS, ENVENENAMIENTOS Y ALGUNAS OTRAS CONSECUENCIAS DE CAUSAS EXTERNAS",4
T227,"CORROSIÓN DEL HOMBRO Y MIEMBRO SUPERIOR, DE TERCER GRADO, EXCEPTO DE LA MUÑECA Y DE LA MANO",HERIDA,Quemadura / corrosión,XIX,"TRAUMATISMOS, ENVENENAMIENTOS Y ALGUNAS OTRAS CONSECUENCIAS DE CAUSAS EXTERNAS",4
T23,QUEMADURA Y CORROSIÓN DE LA MUÑECA Y DE LA MANO,HERIDA,Quemadura / corrosión,XIX,"TRAUMATISMOS, ENVENENAMIENTOS Y ALGUNAS OTRAS CONSECUENCIAS DE CAUSAS EXTERNAS",3
T230,"QUEMADURA DE LA MUÑECA Y DE LA MANO, GRADO NO ESPECIFICADO",HERIDA,Quemadura / corrosión,XIX,"TRAUMATISMOS, ENVENENAMIENTOS Y ALGUNAS OTRAS CONSECUENCIAS DE CAUSAS EXTERNAS",4
T231,"QUEMADURA DE LA MUÑECA Y DE LA MANO, DE PRIMER GRADO",HERIDA,Quemadura / corrosión,XIX,"TRAUMATISMOS, ENVENENAMIENTOS Y ALGUNAS OTRAS CONSECUENCIAS DE CAUSAS EXTERNAS",4
T232,"QUEMADURA DE LA MUÑECA Y DE LA MANO, DE SEGUNDO GRADO",HERIDA,Quemadura / corrosión,XIX,"TRAUMATISMOS, ENVENENAMIENTOS Y ALGUNAS OTRAS CONSECUENCIAS DE CAUSAS EXTERNAS",4
T233,"QUEMADURA DE LA MUÑECA Y DE LA MANO, DE TERCER GRADO",HERIDA,Quemadura / corrosión,XIX,"TRAUMATISMOS, ENVENENAMIENTOS Y ALGUNAS OTRAS CONSECUENCIAS DE CAUSAS EXTERNAS",4
T234,"CORROSIÓN DE LA MUÑECA Y DE LA MANO, GRADO NO ESPECIFICADO",HERIDA,Quemadura / corrosión,XIX,"TRAUMATISMOS, ENVENENAMIENTOS Y ALGUNAS OTRAS CONSECUENCIAS DE CAUSAS EXTERNAS",4
T235,"CORROSIÓN DE LA MUÑECA Y DE LA MANO, DE PRIMER GRADO",HERIDA,Quemadura / corrosión,XIX,"TRAUMATISMOS, ENVENENAMIENTOS Y ALGUNAS OTRAS CONSECUENCIAS DE CAUSAS EXTERNAS",4
T236,"CORROSIÓN DE LA MUÑECA Y DE LA MANO, DE SEGUNDO GRADO",HERIDA,Quemadura / corrosión,XIX,"TRAUMATISMOS, ENVENENAMIENTOS Y ALGUNAS OTRAS CONSECUENCIAS DE CAUSAS EXTERNAS",4
T237,"CORROSIÓN DE LA MUÑECA Y DE LA MANO, DE TERCER GRADO",HERIDA,Quemadura / corrosión,XIX,"TRAUMATISMOS, ENVENENAMIENTOS Y ALGUNAS OTRAS CONSECUENCIAS DE CAUSAS EXTERNAS",4
T24,"QUEMADURA Y CORROSIÓN DE LA CADERA Y MIEMBRO INFERIOR, EXCEPTO TOBILLO Y PIE",HERIDA,Quemadura / corrosión,XIX,"TRAUMATISMOS, ENVENENAMIENTOS Y ALGUNAS OTRAS CONSECUENCIAS DE CAUSAS EXTERNAS",3
T240,"QUEMADURA DE LA CADERA Y MIEMBRO INFERIOR, GRADO NO ESPECIFICADO, EXCEPTO TOBILLO Y PIE",HERIDA,Quemadura / corrosión,XIX,"TRAUMATISMOS, ENVENENAMIENTOS Y ALGUNAS OTRAS CONSECUENCIAS DE CAUSAS EXTERNAS",4
T241,"QUEMADURA DE LA CADERA Y MIEMBRO INFERIOR, DE PRIMER GRADO, EXCEPTO TOBILLO Y PIE",HERIDA,Quemadura / corrosión,XIX,"TRAUMATISMOS, ENVENENAMIENTOS Y ALGUNAS OTRAS CONSECUENCIAS DE CAUSAS EXTERNAS",4
T242,"QUEMADURA DE LA CADERA Y MIEMBRO INFERIOR, DE SEGUNDO GRADO , EXCEPTO TOBILLO Y PIE",HERIDA,Quemadura / corrosión,XIX,"TRAUMATISMOS, ENVENENAMIENTOS Y ALGUNAS OTRAS CONSECUENCIAS DE CAUSAS EXTERNAS",4
T243,"QUEMADURA DE LA CADERA Y MIEMBRO INFERIOR, DE TERCER GRADO, EXCEPTO TOBILLO Y PIE",HERIDA,Quemadura / corrosión,XIX,"TRAUMATISMOS, ENVENENAMIENTOS Y ALGUNAS OTRAS CONSECUENCIAS DE CAUSAS EXTERNAS",4
T244,"CORROSIÓN DE LA CADERA Y MIEMBRO INFERIOR, GRADO NO ESPECIFICADO, EXCEPTO TOBILLO Y PIE",HERIDA,Quemadura / corrosión,XIX,"TRAUMATISMOS, ENVENENAMIENTOS Y ALGUNAS OTRAS CONSECUENCIAS DE CAUSAS EXTERNAS",4
T245,"CORROSIÓN DE LA CADERA Y MIEMBRO INFERIOR, DE PRIMER GRADO, EXCEPTO TOBILLO Y PIE",HERIDA,Quemadura / corrosión,XIX,"TRAUMATISMOS, ENVENENAMIENTOS Y ALGUNAS OTRAS CONSECUENCIAS DE CAUSAS EXTERNAS",4
T246,"CORROSIÓN DE LA CADERA Y MIEMBRO INFERIOR, DE SEGUNDO GRADO, EXCEPTO TOBILLO Y PIE",HERIDA,Quemadura / corrosión,XIX,"TRAUMATISMOS, ENVENENAMIENTOS Y ALGUNAS OTRAS CONSECUENCIAS DE CAUSAS EXTERNAS",4
T247,"CORROSIÓN DE LA CADERA Y MIEMBRO INFERIOR, DE TERCER GRADO, EXCEPTO TOBILLO Y PIE",HERIDA,Quemadura / corrosión,XIX,"TRAUMATISMOS, ENVENENAMIENTOS Y ALGUNAS OTRAS CONSECUENCIAS DE CAUSAS EXTERNAS",4
T25,QUEMADURA Y CORROSIÓN DEL TOBILLO Y DEL PIE,HERIDA,Quemadura / corrosión,XIX,"TRAUMATISMOS, ENVENENAMIENTOS Y ALGUNAS OTRAS CONSECUENCIAS DE CAUSAS EXTERNAS",3
T250,"QUEMADURA DEL TOBILLO Y DEL PIE, GRADO NO ESPECIFICADO",HERIDA,Quemadura / corrosión,XIX,"TRAUMATISMOS, ENVENENAMIENTOS Y ALGUNAS OTRAS CONSECUENCIAS DE CAUSAS EXTERNAS",4
T251,"QUEMADURA DEL TOBILLO Y DEL PIE, DE PRIMER GRADO",HERIDA,Quemadura / corrosión,XIX,"TRAUMATISMOS, ENVENENAMIENTOS Y ALGUNAS OTRAS CONSECUENCIAS DE CAUSAS EXTERNAS",4
T252,"QUEMADURA DEL TOBILLO Y DEL PIE, DE SEGUNDO GRADO",HERIDA,Quemadura / corrosión,XIX,"TRAUMATISMOS, ENVENENAMIENTOS Y ALGUNAS OTRAS CONSECUENCIAS DE CAUSAS EXTERNAS",4
T253,"QUEMADURA DEL TOBILLO Y DEL PIE, DE TERCER GRADO",HERIDA,Quemadura / corrosión,XIX,"TRAUMATISMOS, ENVENENAMIENTOS Y ALGUNAS OTRAS CONSECUENCIAS DE CAUSAS EXTERNAS",4
T254,"CORROSIÓN DEL TOBILLO Y DEL PIE, GRADO NO ESPECIFICADO",HERIDA,Quemadura / corrosión,XIX,"TRAUMATISMOS, ENVENENAMIENTOS Y ALGUNAS OTRAS CONSECUENCIAS DE CAUSAS EXTERNAS",4
T255,"CORROSIÓN DEL TOBILLO Y DEL PIE, DE PRIMER GRADO",HERIDA,Quemadura / corrosión,XIX,"TRAUMATISMOS, ENVENENAMIENTOS Y ALGUNAS OTRAS CONSECUENCIAS DE CAUSAS EXTERNAS",4
T256,"CORROSIÓN DEL TOBILLO Y DEL PIE, DE SEGUNDO GRADO",HERIDA,Quemadura / corrosión,XIX,"TRAUMATISMOS, ENVENENAMIENTOS Y ALGUNAS OTRAS CONSECUENCIAS DE CAUSAS EXTERNAS",4
T257,"CORROSIÓN DEL TOBILLO Y DEL PIE, DE TERCER GRADO",HERIDA,Quemadura / corrosión,XIX,"TRAUMATISMOS, ENVENENAMIENTOS Y ALGUNAS OTRAS CONSECUENCIAS DE CAUSAS EXTERNAS",4
T26,QUEMADURA Y CORROSIÓN LIMITADA AL OJO Y SUS ANEXOS,HERIDA,Quemadura / corrosión,XIX,"TRAUMATISMOS, ENVENENAMIENTOS Y ALGUNAS OTRAS CONSECUENCIAS DE CAUSAS EXTERNAS",3
T260,QUEMADURA DEL PÁRPADO Y ÁREA PERIOCULAR,HERIDA,Quemadura / corrosión,XIX,"TRAUMATISMOS, ENVENENAMIENTOS Y ALGUNAS OTRAS CONSECUENCIAS DE CAUSAS EXTERNAS",4
T261,QUEMADURA DE LA CÓRNEA Y SACO CONJUNTIVAL,HERIDA,Quemadura / corrosión,XIX,"TRAUMATISMOS, ENVENENAMIENTOS Y ALGUNAS OTRAS CONSECUENCIAS DE CAUSAS EXTERNAS",4
T262,QUEMADURA CON RUPTURA Y DESTRUCCIÓN RESULTANTES DEL GLOBO OCULAR,HERIDA,Quemadura / corrosión,XIX,"TRAUMATISMOS, ENVENENAMIENTOS Y ALGUNAS OTRAS CONSECUENCIAS DE CAUSAS EXTERNAS",4
T263,QUEMADURA DE OTRAS PARTES DEL OJO Y SUS ANEXOS,HERIDA,Quemadura / corrosión,XIX,"TRAUMATISMOS, ENVENENAMIENTOS Y ALGUNAS OTRAS CONSECUENCIAS DE CAUSAS EXTERNAS",4
T264,"QUEMADURA DEL OJO Y ANEXOS, PARTE NO ESPECIFICADA",HERIDA,Quemadura / corrosión,XIX,"TRAUMATISMOS, ENVENENAMIENTOS Y ALGUNAS OTRAS CONSECUENCIAS DE CAUSAS EXTERNAS",4
T265,CORROSIÓN DEL PÁRPADO Y ÁREA PERIOCULAR,HERIDA,Quemadura / corrosión,XIX,"TRAUMATISMOS, ENVENENAMIENTOS Y ALGUNAS OTRAS CONSECUENCIAS DE CAUSAS EXTERNAS",4
T266,CORROSIÓN DE LA CÓRNEA Y SACO CONJUNTIVAL,HERIDA,Quemadura / corrosión,XIX,"TRAUMATISMOS, ENVENENAMIENTOS Y ALGUNAS OTRAS CONSECUENCIAS DE CAUSAS EXTERNAS",4
T267,CORROSIÓN CON RUPTURA Y DESTRUCCIÓN RESULTANTES DEL GLOBO OCULAR,HERIDA,Quemadura / corrosión,XIX,"TRAUMATISMOS, ENVENENAMIENTOS Y ALGUNAS OTRAS CONSECUENCIAS DE CAUSAS EXTERNAS",4
T268,CORROSIÓN DE OTRAS PARTES DEL OJO Y SUS ANEXOS,HERIDA,Quemadura / corrosión,XIX,"TRAUMATISMOS, ENVENENAMIENTOS Y ALGUNAS OTRAS CONSECUENCIAS DE CAUSAS EXTERNAS",4
T269,"CORROSIÓN DEL OJO Y SUS ANEXOS, PARTE NO ESPECIFICADA",HERIDA,Quemadura / corrosión,XIX,"TRAUMATISMOS, ENVENENAMIENTOS Y ALGUNAS OTRAS CONSECUENCIAS DE CAUSAS EXTERNAS",4
T27,QUEMADURA Y CORROSIÓN DE LAS VÍAS RESPIRATORIAS,HERIDA,Quemadura / corrosión,XIX,"TRAUMATISMOS, ENVENENAMIENTOS Y ALGUNAS OTRAS CONSECUENCIAS DE CAUSAS EXTERNAS",3
T270,QUEMADURA DE LA LARINGE Y DE LA TRÁQUEA,HERIDA,Quemadura / corrosión,XIX,"TRAUMATISMOS, ENVENENAMIENTOS Y ALGUNAS OTRAS CONSECUENCIAS DE CAUSAS EXTERNAS",4
T271,QUEMADURA QUE AFECTA LA LARINGE Y LA TRÁQUEA CON EL PULMÓN,HERIDA,Quemadura / corrosión,XIX,"TRAUMATISMOS, ENVENENAMIENTOS Y ALGUNAS OTRAS CONSECUENCIAS DE CAUSAS EXTERNAS",4
T272,QUEMADURA DE OTRAS PARTES DE LAS VÍAS RESPIRATORIAS,HERIDA,Quemadura / corrosión,XIX,"TRAUMATISMOS, ENVENENAMIENTOS Y ALGUNAS OTRAS CONSECUENCIAS DE CAUSAS EXTERNAS",4
T273,"QUEMADURA DE LAS VÍAS RESPIRATORIAS, PARTE NO ESPECIFICADA",HERIDA,Quemadura / corrosión,XIX,"TRAUMATISMOS, ENVENENAMIENTOS Y ALGUNAS OTRAS CONSECUENCIAS DE CAUSAS EXTERNAS",4
T274,CORROSIÓN DE LA LARINGE Y DE LA TRÁQUEA,HERIDA,Quemadura / corrosión,XIX,"TRAUMATISMOS, ENVENENAMIENTOS Y ALGUNAS OTRAS CONSECUENCIAS DE CAUSAS EXTERNAS",4
T275,CORROSIÓN QUE AFECTA LA LARINGE Y LA TRÁQUEA CON EL PULMÓN,HERIDA,Quemadura / corrosión,XIX,"TRAUMATISMOS, ENVENENAMIENTOS Y ALGUNAS OTRAS CONSECUENCIAS DE CAUSAS EXTERNAS",4
T276,CORROSIÓN DE OTRAS PARTES DE LAS VÍAS RESPIRATORIAS,HERIDA,Quemadura / corrosión,XIX,"TRAUMATISMOS, ENVENENAMIENTOS Y ALGUNAS OTRAS CONSECUENCIAS DE CAUSAS EXTERNAS",4
T277,"CORROSIÓN DE LAS VÍAS RESPIRATORIAS, PARTE NO ESPECIFICADA",HERIDA,Quemadura / corrosión,XIX,"TRAUMATISMOS, ENVENENAMIENTOS Y ALGUNAS OTRAS CONSECUENCIAS DE CAUSAS EXTERNAS",4
T28,QUEMADURA Y CORROSIÓN DE OTROS ÓRGANOS INTERNOS,HERIDA,Quemadura / corrosión,XIX,"TRAUMATISMOS, ENVENENAMIENTOS Y ALGUNAS OTRAS CONSECUENCIAS DE CAUSAS EXTERNAS",3
T280,QUEMADURA DE LA BOCA Y DE LA FARINGE,HERIDA,Quemadura / corrosión,XIX,"TRAUMATISMOS, ENVENENAMIENTOS Y ALGUNAS OTRAS CONSECUENCIAS DE CAUSAS EXTERNAS",4
T281,QUEMADURA DEL ESÓFAGO,HERIDA,Quemadura / corrosión,XIX,"TRAUMATISMOS, ENVENENAMIENTOS Y ALGUNAS OTRAS CONSECUENCIAS DE CAUSAS EXTERNAS",4
T282,QUEMADURA DE OTRAS PARTES DEL TUBO DIGESTIVO,HERIDA,Quemadura / corrosión,XIX,"TRAUMATISMOS, ENVENENAMIENTOS Y ALGUNAS OTRAS CONSECUENCIAS DE CAUSAS EXTERNAS",4
T283,QUEMADURA DE ÓRGANOS GENITOURINARIOS INTERNOS,HERIDA,Quemadura / corrosión,XIX,"TRAUMATISMOS, ENVENENAMIENTOS Y ALGUNAS OTRAS CONSECUENCIAS DE CAUSAS EXTERNAS",4
T284,QUEMADURA DE OTROS ÓRGANOS INTERNOS Y DE LOS NO ESPECIFICADOS,HERIDA,Quemadura / corrosión,XIX,"TRAUMATISMOS, ENVENENAMIENTOS Y ALGUNAS OTRAS CONSECUENCIAS DE CAUSAS EXTERNAS",4
T285,CORROSIÓN DE LA BOCA Y DE LA FARINGE,HERIDA,Quemadura / corrosión,XIX,"TRAUMATISMOS, ENVENENAMIENTOS Y ALGUNAS OTRAS CONSECUENCIAS DE CAUSAS EXTERNAS",4
T286,CORROSIÓN DEL ESÓFAGO,HERIDA,Quemadura / corrosión,XIX,"TRAUMATISMOS, ENVENENAMIENTOS Y ALGUNAS OTRAS CONSECUENCIAS DE CAUSAS EXTERNAS",4
T287,CORROSIÓN DE OTRAS PARTES DEL TUBO DIGESTIVO,HERIDA,Quemadura / corrosión,XIX,"TRAUMATISMOS, ENVENENAMIENTOS Y ALGUNAS OTRAS CONSECUENCIAS DE CAUSAS EXTERNAS",4
T288,CORROSIÓN DE ÓRGANOS GENITOURINARIOS INTERNOS,HERIDA,Quemadura / corrosión,XIX,"TRAUMATISMOS, ENVENENAMIENTOS Y ALGUNAS OTRAS CONSECUENCIAS DE CAUSAS EXTERNAS",4
T289,CORROSIÓN DE OTROS ÓRGANOS INTERNOS Y DE LOS NO ESPECIFICADOS,HERIDA,Quemadura / corrosión,XIX,"TRAUMATISMOS, ENVENENAMIENTOS Y ALGUNAS OTRAS CONSECUENCIAS DE CAUSAS EXTERNAS",4
T29,QUEMADURAS Y CORROSIONES DE MÚLTIPLES REGIONES DEL CUERPO,HERIDA,Quemadura / corrosión,XIX,"TRAUMATISMOS, ENVENENAMIENTOS Y ALGUNAS OTRAS CONSECUENCIAS DE CAUSAS EXTERNAS",3
T290,"QUEMADURAS DE MÚLTIPLES REGIONES, GRADO NO ESPECIFICADO",HERIDA,Quemadura / corrosión,XIX,"TRAUMATISMOS, ENVENENAMIENTOS Y ALGUNAS OTRAS CONSECUENCIAS DE CAUSAS EXTERNAS",4
T291,"QUEMADURAS DE MÚLTIPLES REGIONES, MENCIONADAS COMO DE NO MÁS DE PRIMER GRADO",HERIDA,Quemadura / corrosión,XIX,"TRAUMATISMOS, ENVENENAMIENTOS Y ALGUNAS OTRAS CONSECUENCIAS DE CAUSAS EXTERNAS",4
T292,"QUEMADURAS DE MÚLTIPLES REGIONES, MENCIONADAS COMO DE NO MÁS DE SEGUNDO GRADO",HERIDA,Quemadura / corrosión,XIX,"TRAUMATISMOS, ENVENENAMIENTOS Y ALGUNAS OTRAS CONSECUENCIAS DE CAUSAS EXTERNAS",4
T293,"QUEMADURAS MÚLTIPLES, CON MENCIÓN AL MENOS DE UNA QUEMADURA DE TERCER GRADO",HERIDA,Quemadura / corrosión,XIX,"TRAUMATISMOS, ENVENENAMIENTOS Y ALGUNAS OTRAS CONSECUENCIAS DE CAUSAS EXTERNAS",4
T294,"CORROSIONES DE MÚLTIPLES REGIONES, GRADO NO ESPECIFICADO",HERIDA,Quemadura / corrosión,XIX,"TRAUMATISMOS, ENVENENAMIENTOS Y ALGUNAS OTRAS CONSECUENCIAS DE CAUSAS EXTERNAS",4
T295,"CORROSIONES MÚLTIPLES, MENCIONADAS COMO DE NO MÁS DE PRIMER GRADO",HERIDA,Quemadura / corrosión,XIX,"TRAUMATISMOS, ENVENENAMIENTOS Y ALGUNAS OTRAS CONSECUENCIAS DE CAUSAS EXTERNAS",4
T296,"CORROSIONES MÚLTIPLES, MENCIONADAS COMO DE NO MÁS DE SEGUNDO GRADO",HERIDA,Quemadura / corrosión,XIX,"TRAUMATISMOS, ENVENENAMIENTOS Y ALGUNAS OTRAS CONSECUENCIAS DE CAUSAS EXTERNAS",4
T297,"CORROSIONES MÚLTIPLES, CON MENCIÓN AL MENOS DE UNA CORROSIÓN DE TERCER GRADO",HERIDA,Quemadura / corrosión,XIX,"TRAUMATISMOS, ENVENENAMIENTOS Y ALGUNAS OTRAS CONSECUENCIAS DE CAUSAS EXTERNAS",4
T30,"QUEMADURA Y CORROSIÓN, REGIÓN DEL CUERPO NO ESPECIFICADA",HERIDA,Quemadura / corrosión,XIX,"TRAUMATISMOS, ENVENENAMIENTOS Y ALGUNAS OTRAS CONSECUENCIAS DE CAUSAS EXTERNAS",3
T300,QUEMADURA DE REGIÓN DEL CUERPO Y GRADO NO ESPECIFICADOS,HERIDA,Quemadura / corrosión,XIX,"TRAUMATISMOS, ENVENENAMIENTOS Y ALGUNAS OTRAS CONSECUENCIAS DE CAUSAS EXTERNAS",4
T301,"QUEMADURA DE PRIMER GRADO, REGIÓN DEL CUERPO NO ESPECIFICADA",HERIDA,Quemadura / corrosión,XIX,"TRAUMATISMOS, ENVENENAMIENTOS Y ALGUNAS OTRAS CONSECUENCIAS DE CAUSAS EXTERNAS",4
T302,"QUEMADURA DE SEGUNDO GRADO, REGIÓN DEL CUERPO NO ESPECIFICADA",HERIDA,Quemadura / corrosión,XIX,"TRAUMATISMOS, ENVENENAMIENTOS Y ALGUNAS OTRAS CONSECUENCIAS DE CAUSAS EXTERNAS",4
T303,"QUEMADURA DE TERCER GRADO, REGIÓN DEL CUERPO NO ESPECIFICADA",HERIDA,Quemadura / corrosión,XIX,"TRAUMATISMOS, ENVENENAMIENTOS Y ALGUNAS OTRAS CONSECUENCIAS DE CAUSAS EXTERNAS",4
T304,CORROSIÓN DE REGIÓN DEL CUERPO Y GRADO NO ESPECIFICADOS,HERIDA,Quemadura / corrosión,XIX,"TRAUMATISMOS, ENVENENAMIENTOS Y ALGUNAS OTRAS CONSECUENCIAS DE CAUSAS EXTERNAS",4
T305,"CORROSIÓN DE PRIMER GRADO, REGIÓN DEL CUERPO NO ESPECIFICADA",HERIDA,Quemadura / corrosión,XIX,"TRAUMATISMOS, ENVENENAMIENTOS Y ALGUNAS OTRAS CONSECUENCIAS DE CAUSAS EXTERNAS",4
T306,"CORROSIÓN DE SEGUNDO GRADO, REGIÓN DEL CUERPO NO ESPECIFICADA",HERIDA,Quemadura / corrosión,XIX,"TRAUMATISMOS, ENVENENAMIENTOS Y ALGUNAS OTRAS CONSECUENCIAS DE CAUSAS EXTERNAS",4
T307,"CORROSIÓN DE TERCER GRADO, REGIÓN DEL CUERPO NO ESPECIFICADA",HERIDA,Quemadura / corrosión,XIX,"TRAUMATISMOS, ENVENENAMIENTOS Y ALGUNAS OTRAS CONSECUENCIAS DE CAUSAS EXTERNAS",4
T31,QUEMADURAS CLASIFICADAS SEGÚN LA EXTENSIÓN DE LA SUPERFICIE DEL CUERPO AFECTADA,HERIDA,Quemadura / corrosión,XIX,"TRAUMATISMOS, ENVENENAMIENTOS Y ALGUNAS OTRAS CONSECUENCIAS DE CAUSAS EXTERNAS",3
T310,QUEMADURAS QUE AFECTAN MENOS DEL 10% DE LA SUPERFICIE DEL CUERPO,HERIDA,Quemadura / corrosión,XIX,"TRAUMATISMOS, ENVENENAMIENTOS Y ALGUNAS OTRAS CONSECUENCIAS DE CAUSAS EXTERNAS",4
T311,QUEMADURAS QUE AFECTAN DEL 10 AL 19% DE LA SUPERFICIE DEL CUERPO,HERIDA,Quemadura / corrosión,XIX,"TRAUMATISMOS, ENVENENAMIENTOS Y ALGUNAS OTRAS CONSECUENCIAS DE CAUSAS EXTERNAS",4
T312,QUEMADURAS QUE AFECTAN DEL 20 AL 29% DE LA SUPERFICIE DEL CUERPO,HERIDA,Quemadura / corrosión,XIX,"TRAUMATISMOS, ENVENENAMIENTOS Y ALGUNAS OTRAS CONSECUENCIAS DE CAUSAS EXTERNAS",4
T313,QUEMADURAS QUE AFECTAN DEL 30 AL 39% DE LA SUPERFICIE DEL CUERPO,HERIDA,Quemadura / corrosión,XIX,"TRAUMATISMOS, ENVENENAMIENTOS Y ALGUNAS OTRAS CONSECUENCIAS DE CAUSAS EXTERNAS",4
T314,QUEMADURAS QUE AFECTAN DEL 40 AL 49% DE LA SUPERFICIE DEL CUERPO,HERIDA,Quemadura / corrosión,XIX,"TRAUMATISMOS, ENVENENAMIENTOS Y ALGUNAS OTRAS CONSECUENCIAS DE CAUSAS EXTERNAS",4
T315,QUEMADURAS QUE AFECTAN DEL 50 AL 59% DE LA SUPERFICIE DEL CUERPO,HERIDA,Quemadura / corrosión,XIX,"TRAUMATISMOS, ENVENENAMIENTOS Y ALGUNAS OTRAS CONSECUENCIAS DE CAUSAS EXTERNAS",4
T316,QUEMADURAS QUE AFECTAN DEL 60 AL 69% DE LA SUPERFICIE DEL CUERPO,HERIDA,Quemadura / corrosión,XIX,"TRAUMATISMOS, ENVENENAMIENTOS Y ALGUNAS OTRAS CONSECUENCIAS DE CAUSAS EXTERNAS",4
T317,QUEMADURAS QUE AFECTAN DEL 70 AL 79% DE LA SUPERFICIE DEL CUERPO,HERIDA,Quemadura / corrosión,XIX,"TRAUMATISMOS, ENVENENAMIENTOS Y ALGUNAS OTRAS CONSECUENCIAS DE CAUSAS EXTERNAS",4
T318,QUEMADURAS QUE AFECTAN DEL 80 AL 89% DE LA SUPERFICIE DEL CUERPO,HERIDA,Quemadura / corrosión,XIX,"TRAUMATISMOS, ENVENENAMIENTOS Y ALGUNAS OTRAS CONSECUENCIAS DE CAUSAS EXTERNAS",4
T319,QUEMADURAS QUE AFECTAN EL 90% O MÁS DE LA SUPERFICIE DEL CUERPO,HERIDA,Quemadura / corrosión,XIX,"TRAUMATISMOS, ENVENENAMIENTOS Y ALGUNAS OTRAS CONSECUENCIAS DE CAUSAS EXTERNAS",4
T32,CORROSIONES CLASIFICADAS SEGÚN LA EXTENSIÓN DE LA SUPERFICIE DEL CUERPO AFECTADA,HERIDA,Quemadura / corrosión,XIX,"TRAUMATISMOS, ENVENENAMIENTOS Y ALGUNAS OTRAS CONSECUENCIAS DE CAUSAS EXTERNAS",3
T320,CORROSIONES QUE AFECTAN MENOS DEL 10% DE LA SUPERFICIE DEL CUERPO,HERIDA,Quemadura / corrosión,XIX,"TRAUMATISMOS, ENVENENAMIENTOS Y ALGUNAS OTRAS CONSECUENCIAS DE CAUSAS EXTERNAS",4
T321,CORROSIONES QUE AFECTAN DEL 10 AL 19% DE LA SUPERFICIE DEL CUERPO,HERIDA,Quemadura / corrosión,XIX,"TRAUMATISMOS, ENVENENAMIENTOS Y ALGUNAS OTRAS CONSECUENCIAS DE CAUSAS EXTERNAS",4
T322,CORROSIONES QUE AFECTAN DEL 20 AL 29% DE LA SUPERFICIE DEL CUERPO,HERIDA,Quemadura / corrosión,XIX,"TRAUMATISMOS, ENVENENAMIENTOS Y ALGUNAS OTRAS CONSECUENCIAS DE CAUSAS EXTERNAS",4
T323,CORROSIONES QUE AFECTAN DEL 30 AL 39% DE LA SUPERFICIE DEL CUERPO,HERIDA,Quemadura / corrosión,XIX,"TRAUMATISMOS, ENVENENAMIENTOS Y ALGUNAS OTRAS CONSECUENCIAS DE CAUSAS EXTERNAS",4
T324,CORROSIONES QUE AFECTAN DEL 40 AL 49% DE LA SUPERFICIE DEL CUERPO,HERIDA,Quemadura / corrosión,XIX,"TRAUMATISMOS, ENVENENAMIENTOS Y ALGUNAS OTRAS CONSECUENCIAS DE CAUSAS EXTERNAS",4
T325,CORROSIONES QUE AFECTAN DEL 50 AL 59% DE LA SUPERFICIE DEL CUERPO,HERIDA,Quemadura / corrosión,XIX,"TRAUMATISMOS, ENVENENAMIENTOS Y ALGUNAS OTRAS CONSECUENCIAS DE CAUSAS EXTERNAS",4
T326,CORROSIONES QUE AFECTAN DEL 60 AL 69% DE LA SUPERFICIE DEL CUERPO,HERIDA,Quemadura / corrosión,XIX,"TRAUMATISMOS, ENVENENAMIENTOS Y ALGUNAS OTRAS CONSECUENCIAS DE CAUSAS EXTERNAS",4
T327,CORROSIONES QUE AFECTAN DEL 70 AL 79% DE LA SUPERFICIE DEL CUERPO,HERIDA,Quemadura / corrosión,XIX,"TRAUMATISMOS, ENVENENAMIENTOS Y ALGUNAS OTRAS CONSECUENCIAS DE CAUSAS EXTERNAS",4
T328,CORROSIONES QUE AFECTAN DEL 80 AL 89% DE LA SUPERFICIE DEL CUERPO,HERIDA,Quemadura / corrosión,XIX,"TRAUMATISMOS, ENVENENAMIENTOS Y ALGUNAS OTRAS CONSECUENCIAS DE CAUSAS EXTERNAS",4
T329,CORROSIONES QUE AFECTAN EL 90% O MÁS DE LA SUPERFICIE DEL CUERPO,HERIDA,Quemadura / corrosión,XIX,"TRAUMATISMOS, ENVENENAMIENTOS Y ALGUNAS OTRAS CONSECUENCIAS DE CAUSAS EXTERNAS",4
T793,"INFECCIÓN POSTRAUMÁTICA DE HERIDA, NO CLASIFICADA EN OTRA PARTE",CONSECUENCIA,Infección de herida postraumática,XIX,"TRAUMATISMOS, ENVENENAMIENTOS Y ALGUNAS OTRAS CONSECUENCIAS DE CAUSAS EXTERNAS",4
T813,"DESGARRO DE HERIDA OPERATORIA, NO CLASIFICADO EN OTRA PARTE",HERIDA,Dehiscencia de herida quirúrgica,XIX,"TRAUMATISMOS, ENVENENAMIENTOS Y ALGUNAS OTRAS CONSECUENCIAS DE CAUSAS EXTERNAS",4
T814,"INFECCIÓN CONSECUTIVA A PROCEDIMIENTO, NO CLASIFICADA EN OTRA PARTE",CONSECUENCIA,Infección de herida quirúrgica,XIX,"TRAUMATISMOS, ENVENENAMIENTOS Y ALGUNAS OTRAS CONSECUENCIAS DE CAUSAS EXTERNAS",4
T87,COMPLICACIONES PECULIARES DE LA REINSERCIÓN Y AMPUTACIÓN,CONSECUENCIA,Complicaciones de amputación / muñón,XIX,"TRAUMATISMOS, ENVENENAMIENTOS Y ALGUNAS OTRAS CONSECUENCIAS DE CAUSAS EXTERNAS",3
T870,COMPLICACIONES DE LA REINSERCIÓN (DE PARTE) DE EXTREMIDAD SUPERIOR,CONSECUENCIA,Complicaciones de amputación / muñón,XIX,"TRAUMATISMOS, ENVENENAMIENTOS Y ALGUNAS OTRAS CONSECUENCIAS DE CAUSAS EXTERNAS",4
T871,COMPLICACIONES DE LA REINSERCIÓN (DE PARTE) DE EXTREMIDAD INFERIOR,CONSECUENCIA,Complicaciones de amputación / muñón,XIX,"TRAUMATISMOS, ENVENENAMIENTOS Y ALGUNAS OTRAS CONSECUENCIAS DE CAUSAS EXTERNAS",4
T872,COMPLICACIONES DE OTRAS PARTES DEL CUERPO REINSERTADAS,CONSECUENCIA,Complicaciones de amputación / muñón,XIX,"TRAUMATISMOS, ENVENENAMIENTOS Y ALGUNAS OTRAS CONSECUENCIAS DE CAUSAS EXTERNAS",4
T873,NEUROMA DE MUÑÓN DE AMPUTACIÓN,CONSECUENCIA,Complicaciones de amputación / muñón,XIX,"TRAUMATISMOS, ENVENENAMIENTOS Y ALGUNAS OTRAS CONSECUENCIAS DE CAUSAS EXTERNAS",4
T874,INFECCIÓN DE MUÑÓN DE AMPUTACIÓN,CONSECUENCIA,Complicaciones de amputación / muñón,XIX,"TRAUMATISMOS, ENVENENAMIENTOS Y ALGUNAS OTRAS CONSECUENCIAS DE CAUSAS EXTERNAS",4
T875,NECROSIS DE MUÑÓN DE AMPUTACIÓN,CONSECUENCIA,Complicaciones de amputación / muñón,XIX,"TRAUMATISMOS, ENVENENAMIENTOS Y ALGUNAS OTRAS CONSECUENCIAS DE CAUSAS EXTERNAS",4
T876,OTRAS COMPLICACIONES Y LAS NO ESPECIFICADAS DE MUÑÓN DE AMPUTACIÓN,CONSECUENCIA,Complicaciones de amputación / muñón,XIX,"TRAUMATISMOS, ENVENENAMIENTOS Y ALGUNAS OTRAS CONSECUENCIAS DE CAUSAS EXTERNAS",4
T950,"SECUELAS DE QUEMADURA, CORROSIÓN Y CONGELAMIENTO DE LA CABEZA Y DEL CUELLO",HERIDA,Secuela de quemadura,XIX,"TRAUMATISMOS, ENVENENAMIENTOS Y ALGUNAS OTRAS CONSECUENCIAS DE CAUSAS EXTERNAS",4
T951,"SECUELAS DE QUEMADURA, CORROSIÓN Y CONGELAMIENTO DEL TRONCO",HERIDA,Secuela de quemadura,XIX,"TRAUMATISMOS, ENVENENAMIENTOS Y ALGUNAS OTRAS CONSECUENCIAS DE CAUSAS EXTERNAS",4
T952,"SECUELAS DE QUEMADURA, CORROSIÓN Y CONGELAMIENTO DE MIEMBRO SUPERIOR",HERIDA,Secuela de quemadura,XIX,"TRAUMATISMOS, ENVENENAMIENTOS Y ALGUNAS OTRAS CONSECUENCIAS DE CAUSAS EXTERNAS",4
T953,"SECUELAS DE QUEMADURA, CORROSIÓN Y CONGELAMIENTO DE MIEMBRO INFERIOR",HERIDA,Secuela de quemadura,XIX,"TRAUMATISMOS, ENVENENAMIENTOS Y ALGUNAS OTRAS CONSECUENCIAS DE CAUSAS EXTERNAS",4
T954,SECUELAS DE QUEMADURA Y CORROSIÓN CLASIFICABLES SÓLO DE ACUERDO CON LA EXTENSIÓN DE LA SUPERFICIE DEL CUERPO AFECTADA,HERIDA,Secuela de quemadura,XIX,"TRAUMATISMOS, ENVENENAMIENTOS Y ALGUNAS OTRAS CONSECUENCIAS DE CAUSAS EXTERNAS",4
T958,"SECUELAS DE OTRAS QUEMADURAS, CORROSIONES Y CONGELAMIENTOS ESPECIFICADOS",HERIDA,Secuela de quemadura,XIX,"TRAUMATISMOS, ENVENENAMIENTOS Y ALGUNAS OTRAS CONSECUENCIAS DE CAUSAS EXTERNAS",4
T959,"SECUELAS DE QUEMADURA, CORROSIÓN Y CONGELAMIENTO NO ESPECIFICADOS",HERIDA,Secuela de quemadura,XIX,"TRAUMATISMOS, ENVENENAMIENTOS Y ALGUNAS OTRAS CONSECUENCIAS DE CAUSAS EXTERNAS",4
Z720,PROBLEMAS RELACIONADOS CON EL USO DEL TABACO,COMORBILIDAD,Tabaquismo,XXI,FACTORES QUE INFLUYEN EN EL ESTADO DE SALUD Y CONTACTO CON LOS SERVICIOS DE SALUD,4
Z89,AUSENCIA ADQUIRIDA DE MIEMBROS,CONSECUENCIA,Ausencia adquirida de extremidad (amputación),XXI,FACTORES QUE INFLUYEN EN EL ESTADO DE SALUD Y CONTACTO CON LOS SERVICIOS DE SALUD,3
Z890,"AUSENCIA ADQUIRIDA DE DEDO(S), [INCLUIDO EL PULGAR], UNILATERAL",CONSECUENCIA,Ausencia adquirida de extremidad (amputación),XXI,FACTORES QUE INFLUYEN EN EL ESTADO DE SALUD Y CONTACTO CON LOS SERVICIOS DE SALUD,4
Z891,AUSENCIA ADQUIRIDA DE MANO Y MUÑECA,CONSECUENCIA,Ausencia adquirida de extremidad (amputación),XXI,FACTORES QUE INFLUYEN EN EL ESTADO DE SALUD Y CONTACTO CON LOS SERVICIOS DE SALUD,4
Z892,AUSENCIA ADQUIRIDA DE MIEMBRO SUPERIOR POR ARRIBA DE LA MUÑECA,CONSECUENCIA,Ausencia adquirida de extremidad (amputación),XXI,FACTORES QUE INFLUYEN EN EL ESTADO DE SALUD Y CONTACTO CON LOS SERVICIOS DE SALUD,4
Z893,AUSENCIA ADQUIRIDA DE AMBOS MIEMBROS SUPERIORES [CUALQUIER NIVEL],CONSECUENCIA,Ausencia adquirida de extremidad (amputación),XXI,FACTORES QUE INFLUYEN EN EL ESTADO DE SALUD Y CONTACTO CON LOS SERVICIOS DE SALUD,4
Z894,AUSENCIA ADQUIRIDA DE PIE Y TOBILLO,CONSECUENCIA,Ausencia adquirida de extremidad (amputación),XXI,FACTORES QUE INFLUYEN EN EL ESTADO DE SALUD Y CONTACTO CON LOS SERVICIOS DE SALUD,4
Z895,AUSENCIA ADQUIRIDA DE PIERNA A NIVEL DE O DEBAJO DE LA RODILLA,CONSECUENCIA,Ausencia adquirida de extremidad (amputación),XXI,FACTORES QUE INFLUYEN EN EL ESTADO DE SALUD Y CONTACTO CON LOS SERVICIOS DE SALUD,4
Z896,AUSENCIA ADQUIRIDA DE PIERNA POR ARRIBA DE LA RODILLA,CONSECUENCIA,Ausencia adquirida de extremidad (amputación),XXI,FACTORES QUE INFLUYEN EN EL ESTADO DE SALUD Y CONTACTO CON LOS SERVICIOS DE SALUD,4
Z897,"AUSENCIA ADQUIRIDA DE AMBOS MIEMBROS INFERIORES [CUALQUIER NIVEL, EXCEPTO DEDOS DEL PIE SOLAMENTE]",CONSECUENCIA,Ausencia adquirida de extremidad (amputación),XXI,FACTORES QUE INFLUYEN EN EL ESTADO DE SALUD Y CONTACTO CON LOS SERVICIOS DE SALUD,4
Z898,AUSENCIA ADQUIRIDA DE MIEMBROS SUPERIORES E INFERIORES [CUALQUIER NIVEL],CONSECUENCIA,Ausencia adquirida de extremidad (amputación),XXI,FACTORES QUE INFLUYEN EN EL ESTADO DE SALUD Y CONTACTO CON LOS SERVICIOS DE SALUD,4
Z899,AUSENCIA ADQUIRIDA DE MIEMBROS NO ESPECIFICADOS,CONSECUENCIA,Ausencia adquirida de extremidad (amputación),XXI,FACTORES QUE INFLUYEN EN EL ESTADO DE SALUD Y CONTACTO CON LOS SERVICIOS DE SALUD,4
